Date,Location,Site,sun_shade,Method,Collector,Stage,Order,Suborder,Family,Genus,Species,notes
6/17/2025,TG,1,1,pf,JSA,j,Lepidoptera,,,,,
6/17/2025,TG,1,1,pf,JSA,a,Acari,,,,,
6/17/2025,TG,1,1,pf,JSA,a,Collembola,,,,,
6/17/2025,TG,1,1,pf,JSA,a,Collembola,,,,,
6/17/2025,TG,1,1,pf,JSA,a,Collembola,,,,,
6/17/2025,TG,1,1,pf,JSA,a,Collembola,,,,,
6/17/2025,TG,1,1,pf,JSA,a,Collembola,,,,,
6/17/2025,TG,1,1,pf,JSA,a,Lepidoptera,,,,,
6/17/2025,TG,1,1,pf,JSA,a,Hymenoptera,,Formicidae,,,
6/17/2025,TG,1,1,pf,JSA,a,Hymenoptera,,Formicidae,,,
6/17/2025,TG,1,1,pf,JSA,a,Hymenoptera,,Formicidae,,,
6/17/2025,TG,1,1,pf,JSA,a,Hymenoptera,,Formicidae,,,
6/17/2025,TG,1,1,pf,JSA,a,Hymenoptera,,Formicidae,,,
6/17/2025,TG,1,1,pf,JSA,a,Hymenoptera,,Formicidae,,,
6/17/2025,TG,1,1,pf,JSA,a,Hymenoptera,,Formicidae,,,
6/17/2025,TG,1,1,pf,JSA,a,Hymenoptera,,Formicidae,,,
6/17/2025,TG,1,1,pf,JSA,a,Hymenoptera,,Formicidae,,,
6/17/2025,TG,1,1,pf,JSA,a,Hymenoptera,,Formicidae,,,
6/17/2025,TG,1,1,pf,JSA,a,Hymenoptera,,Formicidae,,,
6/17/2025,TG,1,1,pf,JSA,a,Hymenoptera,,Formicidae,,,
6/17/2025,TG,1,1,pf,JSA,a,Hymenoptera,,Formicidae,,,
6/17/2025,TG,1,1,pf,JSA,a,Hymenoptera,,Formicidae,,,
6/17/2025,TG,1,1,pf,JSA,a,Hymenoptera,,Formicidae,,,
6/17/2025,TG,1,1,pf,JSA,a,Hymenoptera,,Formicidae,,,
6/17/2025,TG,1,1,pf,JSA,a,Hymenoptera,,Formicidae,,,
6/17/2025,TG,1,1,pf,JSA,a,Hymenoptera,,Formicidae,,,
6/17/2025,TG,1,1,pf,JSA,a,Hymenoptera,,Formicidae,,,
6/17/2025,TG,1,1,pf,JSA,a,Hymenoptera,,Formicidae,,,
6/17/2025,TG,1,1,pf,JSA,a,Hymenoptera,,Formicidae,,,
6/17/2025,TG,1,1,pf,JSA,a,Hymenoptera,,Formicidae,,,
6/17/2025,TG,1,1,pf,JSA,a,Hymenoptera,,Formicidae,,,
6/17/2025,TG,1,1,pf,JSA,a,Hymenoptera,,Formicidae,,,
6/17/2025,TG,1,1,pf,JSA,a,Hymenoptera,,Formicidae,,,
6/17/2025,TG,1,1,pf,JSA,a,Hymenoptera,,Formicidae,,,
6/17/2025,TG,1,1,pf,JSA,a,Hymenoptera,,Formicidae,,,
6/17/2025,TG,1,1,pf,JSA,a,Hymenoptera,,Formicidae,,,
6/17/2025,TG,1,1,pf,JSA,a,Hymenoptera,,Formicidae,,,
6/17/2025,TG,1,1,pf,JSA,a,Hymenoptera,,Formicidae,,,
6/17/2025,TG,1,1,pf,JSA,a,Hymenoptera,,Formicidae,,,
6/17/2025,TG,1,1,pf,JSA,a,Hymenoptera,,Formicidae,,,
6/17/2025,TG,1,1,pf,JSA,a,Hymenoptera,,Formicidae,,,
6/17/2025,TG,1,1,pf,JSA,a,Hymenoptera,,Formicidae,,,
6/17/2025,TG,1,1,pf,JSA,a,Hymenoptera,,Formicidae,,,
6/17/2025,TG,1,1,pf,JSA,a,Hymenoptera,,Formicidae,,,
6/17/2025,TG,1,1,pf,JSA,a,Hymenoptera,,Formicidae,,,
6/17/2025,TG,1,1,pf,JSA,a,Hymenoptera,,Formicidae,,,
6/17/2025,TG,1,1,pf,JSA,a,Hymenoptera,,Formicidae,,,
6/17/2025,TG,1,1,pf,JSA,a,Hymenoptera,,Formicidae,,,
6/17/2025,TG,1,1,pf,JSA,a,Hymenoptera,,Formicidae,,,
6/17/2025,TG,1,1,pf,JSA,a,Hymenoptera,,Formicidae,,,
6/17/2025,TG,1,1,pf,JSA,a,Hymenoptera,,Formicidae,,,
6/17/2025,TG,1,1,pf,JSA,a,Chilopoda,,,,,
6/17/2025,TG,1,1,pf,JSA,j,Orthoptera,,Caelifera,,,
6/17/2025,TG,1,1,pf,JSA,j,Orthoptera,,Caelifera,,,
6/17/2025,TG,1,1,pf,JSA,j,Hemiptera,Sternorrhyncha,,,,
6/17/2025,TG,1,1,pf,JSA,j,Hemiptera,Sternorrhyncha,,,,
6/17/2025,TG,1,1,pf,JSA,j,Hemiptera,Sternorrhyncha,,,,
6/17/2025,TG,1,1,pf,JSA,j,Hemiptera,Sternorrhyncha,,,,
6/17/2025,TG,1,1,pf,JSA,j,Hemiptera,Sternorrhyncha,,,,
6/17/2025,TG,1,1,pf,JSA,a,Diptera,Brachycera,,,,
6/17/2025,TG,1,1,pf,JSA,a,Diptera,Brachycera,,,,
6/17/2025,TG,1,1,pf,JSA,a,Diptera,Brachycera,,,,
6/17/2025,TG,1,1,pf,JSA,a,Diptera,Brachycera,,,,
6/17/2025,TG,1,1,pf,JSA,a,Diptera,Non-Brachycera,,,,
6/17/2025,TG,1,1,pf,JSA,a,Dermaptera,,,,,
6/17/2025,TG,1,1,pf,JSA,a,Araneae,Araneomorphae ,Lycosidae,,,
6/17/2025,TG,1,1,pf,JSA,a,Araneae,Araneomorphae ,Lycosidae,,,
6/17/2025,TG,1,1,pf,JSA,a,Araneae,Araneomorphae ,Lycosidae,,,
6/17/2025,TG,1,1,pf,JSA,a,Araneae,Araneomorphae ,Philodromidae,,,
6/17/2025,TG,1,1,pf,JSA,a,Araneae,Araneomorphae ,TBD,,,
6/17/2025,TG,1,1,pf,JSA,j,Coleoptera,,,,,
6/17/2025,TG,1,1,pf,JSA,a,Orthoptera,Ensifera,Gryllidae,,,
6/17/2025,TG,1,1,pf,JSA,a,Orthoptera,Ensifera,Gryllidae,,,
6/17/2025,TG,1,1,pf,JSA,a,Orthoptera,Ensifera,Gryllidae,,,
6/17/2025,TG,1,1,pf,JSA,a,Orthoptera,Ensifera,Gryllidae,,,
6/17/2025,TG,1,1,pf,JSA,a,Orthoptera,Ensifera,Gryllidae,,,
6/17/2025,TG,1,1,pf,JSA,a,Orthoptera,Ensifera,Gryllidae,,,
6/17/2025,TG,1,1,pf,JSA,j,Orthoptera,Ensifera,Rhaphidophoridae,,,
6/17/2025,TG,1,1,pf,JSA,a,Diplododa,,,,,
6/17/2025,TG,1,1,pf,JSA,a,Diplododa,,,,,
6/17/2025,TG,1,1,pf,JSA,a,Diplododa,,,,,
6/17/2025,TG,1,1,pf,JSA,a,Diplododa,,,,,
6/17/2025,TG,1,1,pf,JSA,a,Diplododa,,,,,
6/17/2025,TG,1,1,pf,JSA,a,Diplododa,,,,,
6/17/2025,TG,1,2,pf,JSA,a,Opiliones,,,,,
6/17/2025,TG,1,2,pf,JSA,a,Opiliones,,,,,
6/17/2025,TG,1,2,pf,JSA,a,Opiliones,,,,,
6/17/2025,TG,1,2,pf,JSA,a,Opiliones,,,,,
6/17/2025,TG,1,2,pf,JSA,a,Opiliones,,,,,
6/17/2025,TG,1,2,pf,JSA,a,Opiliones,,,,,
6/17/2025,TG,1,2,pf,JSA,j,Diptera,,,,,
6/17/2025,TG,1,2,pf,JSA,j,Orthoptera,Caelifera,,,,
6/17/2025,TG,1,2,pf,JSA,a,Acari,,,,,
6/17/2025,TG,1,2,pf,JSA,a,Diptera,Brachycera,,,,
6/17/2025,TG,1,2,pf,JSA,a,Diptera,Brachycera,,,,
6/17/2025,TG,1,2,pf,JSA,a,Diptera,Non-Brachycera,,,,
6/17/2025,TG,1,2,pf,JSA,a,Diptera,Non-Brachycera,,,,
6/17/2025,TG,1,2,pf,JSA,a,Diptera,Non-Brachycera,,,,
6/17/2025,TG,1,2,pf,JSA,a,Orthoptera,Ensifera,Gryllidae,,,
6/17/2025,TG,1,2,pf,JSA,a,Hemiptera,Cimicomorpha,Reduviidae,,,
6/17/2025,TG,1,2,pf,JSA,a,Hemiptera,Auchenorrhyncha,Cicadelidae,,,
6/17/2025,TG,1,2,pf,JSA,a,Hemiptera,Cimicomorpha,Berytidae,,,
6/17/2025,TG,1,2,pf,JSA,j,Hemiptera,Auchenorrhyncha,Fulgroid,,,
6/17/2025,TG,1,2,pf,JSA,j,Hemiptera,Auchenorrhyncha,Cicadelidae,,,
6/17/2025,TG,1,2,pf,JSA,j,Hemiptera,Auchenorrhyncha,Cicadelidae,,,
6/17/2025,TG,1,2,pf,JSA,a,Diplopoda,,,,,
6/17/2025,TG,1,2,pf,JSA,a,Diplopoda,,,,,
6/17/2025,TG,1,2,pf,JSA,a,Diplopoda,,,,,
6/17/2025,TG,1,2,pf,JSA,a,Diplopoda,,,,,
6/17/2025,TG,1,2,pf,JSA,a,Diplopoda,,,,,
6/17/2025,TG,1,2,pf,JSA,a,Diplopoda,,,,,
6/17/2025,TG,1,2,pf,JSA,a,Diplopoda,,,,,
6/17/2025,TG,1,2,pf,JSA,a,Diplopoda,,,,,
6/17/2025,TG,1,2,pf,JSA,a,Diplopoda,,,,,
6/17/2025,TG,1,2,pf,JSA,a,Diplopoda,,,,,
6/17/2025,TG,1,2,pf,JSA,a,Diplopoda,,,,,
6/17/2025,TG,1,2,pf,JSA,a,Diplopoda,,,,,
6/17/2025,TG,1,2,pf,JSA,a,Diplopoda,,,,,
6/17/2025,TG,1,2,pf,JSA,a,Diplopoda,,,,,
6/17/2025,TG,1,2,pf,JSA,a,Diplopoda,,,,,
6/17/2025,TG,1,2,pf,JSA,a,Diplopoda,,,,,
6/17/2025,TG,1,2,pf,JSA,a,Diplopoda,,,,,
6/17/2025,TG,1,2,pf,JSA,a,Diplopoda,,,,,
6/17/2025,TG,1,2,pf,JSA,a,Diplopoda,,,,,
6/17/2025,TG,1,2,pf,JSA,a,Diplopoda,,,,,
6/17/2025,TG,1,2,pf,JSA,a,Diplopoda,,,,,
6/17/2025,TG,1,2,pf,JSA,a,Diplopoda,,,,,
6/17/2025,TG,1,2,pf,JSA,a,Diplopoda,,,,,
6/17/2025,TG,1,2,pf,JSA,a,Diplopoda,,,,,
6/17/2025,TG,1,2,pf,JSA,a,Diplopoda,,,,,
6/17/2025,TG,1,2,pf,JSA,a,Diplopoda,,,,,
6/17/2025,TG,1,2,pf,JSA,a,Diplopoda,,,,,
6/17/2025,TG,1,2,pf,JSA,a,Diplopoda,,,,,
6/17/2025,TG,1,2,pf,JSA,a,Diplopoda,,,,,
6/17/2025,TG,1,2,pf,JSA,a,Diplopoda,,,,,
6/17/2025,TG,1,2,pf,JSA,a,Diplopoda,,,,,
6/17/2025,TG,1,2,pf,JSA,a,Diplopoda,,,,,
6/17/2025,TG,1,2,pf,JSA,a,Diplopoda,,,,,
6/17/2025,TG,1,2,pf,JSA,a,Diplopoda,,,,,
6/17/2025,TG,1,2,pf,JSA,a,Diplopoda,,,,,
6/17/2025,TG,1,2,pf,JSA,a,Diplopoda,,,,,
6/17/2025,TG,1,2,pf,JSA,a,Diplopoda,,,,,
6/17/2025,TG,1,2,pf,JSA,a,Diplopoda,,,,,
6/17/2025,TG,1,2,pf,JSA,a,Diplopoda,,,,,
6/17/2025,TG,1,2,pf,JSA,a,Diplopoda,,,,,
6/17/2025,TG,1,2,pf,JSA,a,Diplopoda,,,,,
6/17/2025,TG,1,2,pf,JSA,a,Diplopoda,,,,,
6/17/2025,TG,1,2,pf,JSA,a,Diptera,Brachycera,,,,
6/17/2025,TG,1,2,pf,JSA,a,Hymenoptera,,Formicidae,,,
6/17/2025,TG,1,2,pf,JSA,a,Hymenoptera,,Formicidae,,,
6/17/2025,TG,1,2,pf,JSA,a,Hymenoptera,,Formicidae,,,
6/17/2025,TG,1,2,pf,JSA,a,Hymenoptera,,Formicidae,,,
6/17/2025,TG,1,2,pf,JSA,a,Hymenoptera,,Formicidae,,,
6/17/2025,TG,1,2,pf,JSA,a,Hymenoptera,,Formicidae,,,
6/17/2025,TG,1,2,pf,JSA,a,Hymenoptera,,Formicidae,,,
6/17/2025,TG,1,2,pf,JSA,a,Hymenoptera,,Formicidae,,,
6/17/2025,TG,1,2,pf,JSA,a,Hymenoptera,,Formicidae,,,
6/17/2025,TG,1,2,pf,JSA,a,Hymenoptera,,Formicidae,,,
6/17/2025,TG,1,2,pf,JSA,a,Hymenoptera,,Formicidae,,,
6/17/2025,TG,1,2,pf,JSA,a,Hymenoptera,,Formicidae,,,
6/17/2025,TG,1,2,pf,JSA,a,Hymenoptera,,Formicidae,,,
6/17/2025,TG,1,2,pf,JSA,a,Hymenoptera,,Formicidae,,,
6/17/2025,TG,1,2,pf,JSA,a,Hymenoptera,,Formicidae,,,
6/17/2025,TG,1,2,pf,JSA,a,Hymenoptera,,Formicidae,,,
6/17/2025,TG,1,2,pf,JSA,a,Hymenoptera,,Formicidae,,,
6/17/2025,TG,1,2,pf,JSA,a,Hymenoptera,,Formicidae,,,
6/17/2025,TG,1,2,pf,JSA,a,Hymenoptera,,Formicidae,,,
6/17/2025,TG,1,2,pf,JSA,a,Hymenoptera,,Formicidae,,,
6/17/2025,TG,1,2,pf,JSA,a,Hymenoptera,,Formicidae,,,
6/17/2025,TG,1,2,pf,JSA,a,Hymenoptera,,Formicidae,,,
6/17/2025,TG,1,2,pf,JSA,a,Hymenoptera,,Formicidae,,,
6/17/2025,TG,1,2,pf,JSA,a,Hymenoptera,,Formicidae,,,
6/17/2025,TG,1,2,pf,JSA,a,Hymenoptera,,Formicidae,,,
6/17/2025,TG,1,2,pf,JSA,a,Hymenoptera,,Formicidae,,,
6/17/2025,TG,1,2,pf,JSA,a,Hymenoptera,,Formicidae,,,
6/17/2025,TG,1,2,pf,JSA,a,Hymenoptera,,Formicidae,,,
6/17/2025,TG,1,2,pf,JSA,a,Hymenoptera,,Formicidae,,,
6/17/2025,TG,1,2,pf,JSA,a,Coleoptera,,Carabidae,,,
6/17/2025,TG,1,2,pf,JSA,a,Coleoptera,,Carabidae,,,
6/17/2025,TG,1,2,pf,JSA,a,Coleoptera,,Carabidae,,,
6/17/2025,TG,1,2,pf,JSA,a,Coleoptera,,Carabidae,,,
6/17/2025,TG,1,2,pf,JSA,a,Coleoptera,,Carabidae,,,
6/17/2025,TG,1,2,pf,JSA,a,Coleoptera,,Carabidae,,,
6/17/2025,TG,1,2,pf,JSA,a,Coleoptera,,Carabidae,,,
6/17/2025,TG,1,2,pf,JSA,a,Coleoptera,,Carabidae,,,
6/17/2025,TG,1,2,pf,JSA,a,Hymenoptera,,Formicidae,,,
6/17/2025,TG,1,2,pf,JSA,a,Coleoptera,,Elateridae,,,
6/17/2025,TG,1,2,pf,JSA,a,Coleoptera,,Elateridae,,,
6/17/2025,TG,1,2,pf,JSA,a,Coleoptera,,Curculionidae,,,
6/17/2025,TG,1,2,pf,JSA,a,Coleoptera,,Curculionidae,,,
6/17/2025,TG,1,2,pf,JSA,a,Coleoptera,,Curculionidae,,,
6/17/2025,TG,1,2,pf,JSA,a,Hymenoptera,,Formicidae,,,
6/17/2025,TG,1,2,pf,JSA,a,Hymenoptera,,Formicidae,,,
6/17/2025,TG,1,2,pf,JSA,a,Opiliones,,,,,
6/17/2025,TG,1,2,pf,JSA,a,Araneae,Araneomorphae ,Lycosidae,,,
6/17/2025,TG,1,2,pf,JSA,a,Araneae,Araneomorphae ,Lycosidae,,,
6/17/2025,TG,1,2,pf,JSA,a,Araneae,Araneomorphae ,Lycosidae,,,
6/17/2025,TG,1,2,pf,JSA,a,Araneae,Araneomorphae ,Ghaphosidae,,,
6/17/2025,TG,1,2,pf,JSA,a,Araneae,Araneomorphae ,Ghaphosidae,,,
6/17/2025,TG,1,2,pf,JSA,a,Araneae,Araneomorphae ,Ghaphosidae,,,
6/17/2025,TG,1,2,pf,JSA,a,Araneae,Araneomorphae ,Ghaphosidae,,,
6/17/2025,TG,1,2,pf,JSA,a,Araneae,Araneomorphae ,Cybaeidae,,,
6/17/2025,TG,2,2,pf,JSA,a,Hymenoptera,,Formicidae,,,
6/17/2025,TG,2,2,pf,JSA,a,Hymenoptera,,Formicidae,,,
6/17/2025,TG,2,2,pf,JSA,a,Hymenoptera,,Formicidae,,,
6/17/2025,TG,2,2,pf,JSA,a,Hymenoptera,,Formicidae,,,
6/17/2025,TG,2,2,pf,JSA,a,Hymenoptera,,Formicidae,,,
6/17/2025,TG,2,2,pf,JSA,a,Hymenoptera,,Formicidae,,,
6/17/2025,TG,2,2,pf,JSA,a,Hymenoptera,,Formicidae,,,
6/17/2025,TG,2,2,pf,JSA,a,Hymenoptera,,Formicidae,,,
6/17/2025,TG,2,2,pf,JSA,a,Hymenoptera,,Formicidae,,,
6/17/2025,TG,2,2,pf,JSA,a,Hymenoptera,,Formicidae,,,
6/17/2025,TG,2,2,pf,JSA,a,Hymenoptera,,Formicidae,,,
6/17/2025,TG,2,2,pf,JSA,a,Hymenoptera,,Formicidae,,,
6/17/2025,TG,2,2,pf,JSA,a,Hymenoptera,,Formicidae,,,
6/17/2025,TG,2,2,pf,JSA,a,Hymenoptera,,Formicidae,,,
6/17/2025,TG,2,2,pf,JSA,a,Hymenoptera,,Formicidae,,,
6/17/2025,TG,2,2,pf,JSA,a,Hymenoptera,,Formicidae,,,
6/17/2025,TG,2,2,pf,JSA,a,Hymenoptera,,Formicidae,,,
6/17/2025,TG,2,2,pf,JSA,a,Diptera,Brachycera,,,,
6/17/2025,TG,2,2,pf,JSA,a,Diptera,Brachycera,,,,
6/17/2025,TG,2,2,pf,JSA,a,Diptera,Brachycera,,,,
6/17/2025,TG,2,2,pf,JSA,a,Diptera,Brachycera,,,,
6/17/2025,TG,2,2,pf,JSA,a,Diptera,Brachycera,,,,
6/17/2025,TG,2,2,pf,JSA,a,Diptera,Brachycera,,,,
6/17/2025,TG,2,2,pf,JSA,a,Diptera,Brachycera,,,,
6/17/2025,TG,2,2,pf,JSA,a,Diptera,Brachycera,,,,
6/17/2025,TG,2,2,pf,JSA,a,Diptera,Brachycera,,,,
6/17/2025,TG,2,2,pf,JSA,a,Diptera,Brachycera,,,,
6/17/2025,TG,2,2,pf,JSA,a,Acari,,,,,
6/17/2025,TG,2,2,pf,JSA,a,Acari,,,,,
6/17/2025,TG,2,2,pf,JSA,a,Acari,,,,,
6/17/2025,TG,2,2,pf,JSA,a,Acari,,,,,
6/17/2025,TG,2,2,pf,JSA,a,Acari,,,,,
6/17/2025,TG,2,2,pf,JSA,a,Acari,,,,,
6/17/2025,TG,2,2,pf,JSA,a,Acari,,,,,
6/17/2025,TG,2,2,pf,JSA,a,Acari,,,,,
6/17/2025,TG,2,2,pf,JSA,a,Acari,,,,,
6/17/2025,TG,2,2,pf,JSA,a,Acari,,,,,
6/17/2025,TG,2,2,pf,JSA,a,Acari,,,,,
6/17/2025,TG,2,2,pf,JSA,a,Acari,,,,,
6/17/2025,TG,2,2,pf,JSA,a,Acari,,,,,
6/17/2025,TG,2,2,pf,JSA,a,Acari,,,,,
6/17/2025,TG,2,2,pf,JSA,a,Acari,,,,,
6/17/2025,TG,2,2,pf,JSA,a,Hemiptera,,Reduviidae,,,
6/17/2025,TG,2,2,pf,JSA,a,Opiliones,,,,,
6/17/2025,TG,2,2,pf,JSA,a,Coleoptera,,Carabidae,,,
6/17/2025,TG,2,2,pf,JSA,a,Coleoptera,,Carabidae,,,
6/17/2025,TG,2,2,pf,JSA,a,Coleoptera,,Carabidae,,,
6/17/2025,TG,2,2,pf,JSA,a,Coleoptera,,Carabidae,,,
6/17/2025,TG,2,2,pf,JSA,a,Coleoptera,,Carabidae,,,
6/17/2025,TG,2,2,pf,JSA,a,Coleoptera,,Carabidae,,,
6/17/2025,TG,2,2,pf,JSA,a,Coleoptera,,Carabidae,,,
6/17/2025,TG,2,2,pf,JSA,a,Coleoptera,,Carabidae,,,
6/17/2025,TG,2,2,pf,JSA,a,Coleoptera,,Carabidae,,,
6/17/2025,TG,2,2,pf,JSA,a,Coleoptera,,Carabidae,,,
6/17/2025,TG,2,2,pf,JSA,a,Coleoptera,,Carabidae,,,
6/17/2025,TG,2,2,pf,JSA,a,Coleoptera,,Carabidae,,,
6/17/2025,TG,2,2,pf,JSA,a,Coleoptera,,Carabidae,,,
6/17/2025,TG,2,2,pf,JSA,a,Coleoptera,,Carabidae,,,
6/17/2025,TG,2,2,pf,JSA,a,Coleoptera,,Carabidae,,,
6/17/2025,TG,2,2,pf,JSA,a,Coleoptera,,Carabidae,,,
6/17/2025,TG,2,2,pf,JSA,a,Coleoptera,,Scarabiidae,,,
6/17/2025,TG,2,2,pf,JSA,j,Coleoptera,,,,,
6/17/2025,TG,2,2,pf,JSA,a,Coleoptera,,Staphylinidae,,,
6/17/2025,TG,2,2,pf,JSA,a,Coleoptera,,Tenebrionidae,,,
6/17/2025,TG,2,2,pf,JSA,a,Coleoptera,,Tenebrionidae,,,
6/17/2025,TG,2,2,pf,JSA,a,Coleoptera,,Tenebrionidae,,,
6/17/2025,TG,2,2,pf,JSA,a,Coleoptera,,Tenebrionidae,,,
6/17/2025,TG,2,2,pf,JSA,a,Coleoptera,,Tenebrionidae,,,
6/17/2025,TG,2,2,pf,JSA,a,Coleoptera,,Tenebrionidae,,,
6/17/2025,TG,2,2,pf,JSA,a,Coleoptera,,Tenebrionidae,,,
6/17/2025,TG,2,2,pf,JSA,a,Coleoptera,,Tenebrionidae,,,
6/17/2025,TG,2,2,pf,JSA,a,Coleoptera,,Tenebrionidae,,,
6/17/2025,TG,2,2,pf,JSA,a,Coleoptera,,Tenebrionidae,,,
6/17/2025,TG,2,2,pf,JSA,a,Coleoptera,,Tenebrionidae,,,
6/17/2025,TG,2,2,pf,JSA,a,Diptera,Brachycera,,,,
6/17/2025,TG,2,2,pf,JSA,a,Diplopoda,,,,,
6/17/2025,TG,2,2,pf,JSA,a,Diplopoda,,,,,
6/17/2025,TG,2,2,pf,JSA,a,Diplopoda,,,,,
6/17/2025,TG,2,2,pf,JSA,a,Diplopoda,,,,,
6/17/2025,TG,2,2,pf,JSA,a,Diplopoda,,,,,
6/17/2025,TG,2,2,pf,JSA,a,Diplopoda,,,,,
6/17/2025,TG,2,2,pf,JSA,a,Diplopoda,,,,,
6/17/2025,TG,2,2,pf,JSA,a,Diplopoda,,,,,
6/17/2025,TG,2,2,pf,JSA,a,Diplopoda,,,,,
6/17/2025,TG,2,2,pf,JSA,a,Diplopoda,,,,,
6/17/2025,TG,2,2,pf,JSA,a,Diplopoda,,,,,
6/17/2025,TG,2,2,pf,JSA,a,Diplopoda,,,,,
6/17/2025,TG,2,2,pf,JSA,a,Diplopoda,,,,,
6/17/2025,TG,2,2,pf,JSA,a,Diplopoda,,,,,
6/17/2025,TG,2,2,pf,JSA,a,Diplopoda,,,,,
6/17/2025,TG,2,2,pf,JSA,a,Diplopoda,,,,,
6/17/2025,TG,2,2,pf,JSA,a,Diplopoda,,,,,
6/17/2025,TG,2,2,pf,JSA,a,Diplopoda,,,,,
6/17/2025,TG,2,2,pf,JSA,a,Diplopoda,,,,,
6/17/2025,TG,2,2,pf,JSA,a,Diplopoda,,,,,
6/17/2025,TG,2,2,pf,JSA,a,Diplopoda,,,,,
6/17/2025,TG,2,2,pf,JSA,a,Diplopoda,,,,,
6/17/2025,TG,2,2,pf,JSA,a,Diplopoda,,,,,
6/17/2025,TG,2,2,pf,JSA,a,Diplopoda,,,,,
6/17/2025,TG,2,2,pf,JSA,a,Diplopoda,,,,,
6/17/2025,TG,2,2,pf,JSA,a,Diplopoda,,,,,
6/17/2025,TG,2,2,pf,JSA,a,Diplopoda,,,,,
6/17/2025,TG,2,2,pf,JSA,a,Diplopoda,,,,,
6/17/2025,TG,2,2,pf,JSA,a,Diplopoda,,,,,
6/17/2025,TG,2,2,pf,JSA,a,Diplopoda,,,,,
6/17/2025,TG,2,2,pf,JSA,a,Diplopoda,,,,,
6/17/2025,TG,2,2,pf,JSA,a,Diplopoda,,,,,
6/17/2025,TG,2,2,pf,JSA,a,Diplopoda,,,,,
6/17/2025,TG,2,2,pf,JSA,a,Diplopoda,,,,,
6/17/2025,TG,2,2,pf,JSA,a,Diplopoda,,,,,
6/17/2025,TG,2,2,pf,JSA,a,Diplopoda,,,,,
6/17/2025,TG,2,2,pf,JSA,a,Diplopoda,,,,,
6/17/2025,TG,2,2,pf,JSA,a,Diplopoda,,,,,
6/17/2025,TG,2,2,pf,JSA,a,Diplopoda,,,,,
6/17/2025,TG,2,2,pf,JSA,a,Diplopoda,,,,,
6/17/2025,TG,2,2,pf,JSA,a,Diplopoda,,,,,
6/17/2025,TG,2,2,pf,JSA,a,Diplopoda,,,,,
6/17/2025,TG,2,2,pf,JSA,a,Diplopoda,,,,,
6/17/2025,TG,2,2,pf,JSA,a,Diplopoda,,,,,
6/17/2025,TG,2,2,pf,JSA,a,Diplopoda,,,,,
6/17/2025,TG,2,2,pf,JSA,a,Diplopoda,,,,,
6/17/2025,TG,2,2,pf,JSA,a,Diplopoda,,,,,
6/17/2025,TG,2,2,pf,JSA,a,Diplopoda,,,,,
6/17/2025,TG,2,2,pf,JSA,a,Diplopoda,,,,,
6/17/2025,TG,2,2,pf,JSA,a,Diplopoda,,,,,
6/17/2025,TG,2,2,pf,JSA,a,Diplopoda,,,,,
6/17/2025,TG,2,2,pf,JSA,a,Diplopoda,,,,,
6/17/2025,TG,2,2,pf,JSA,a,Diplopoda,,,,,
6/17/2025,TG,2,2,pf,JSA,a,Diplopoda,,,,,
6/17/2025,TG,2,2,pf,JSA,a,Diplopoda,,,,,
6/17/2025,TG,2,2,pf,JSA,a,Diplopoda,,,,,
6/17/2025,TG,2,2,pf,JSA,a,Diplopoda,,,,,
6/17/2025,TG,2,2,pf,JSA,a,Diplopoda,,,,,
6/17/2025,TG,2,2,pf,JSA,a,Diplopoda,,,,,
6/17/2025,TG,2,2,pf,JSA,a,Diplopoda,,,,,
6/17/2025,TG,2,2,pf,JSA,a,Diplopoda,,,,,
6/17/2025,TG,2,2,pf,JSA,a,Diplopoda,,,,,
6/17/2025,TG,2,2,pf,JSA,a,Diplopoda,,,,,
6/17/2025,TG,2,2,pf,JSA,a,Diplopoda,,,,,
6/17/2025,TG,2,2,pf,JSA,a,Diplopoda,,,,,
6/17/2025,TG,2,2,pf,JSA,a,Diplopoda,,,,,
6/17/2025,TG,2,2,pf,JSA,a,Diplopoda,,,,,
6/17/2025,TG,2,2,pf,JSA,a,Diplopoda,,,,,
6/17/2025,TG,2,2,pf,JSA,a,Diplopoda,,,,,
6/17/2025,TG,2,2,pf,JSA,a,Diplopoda,,,,,
6/17/2025,TG,2,2,pf,JSA,a,Diplopoda,,,,,
6/17/2025,TG,2,2,pf,JSA,a,Diplopoda,,,,,
6/17/2025,TG,2,2,pf,JSA,a,Diplopoda,,,,,
6/17/2025,TG,2,2,pf,JSA,a,Diplopoda,,,,,
6/17/2025,TG,2,2,pf,JSA,a,Diplopoda,,,,,
6/17/2025,TG,2,2,pf,JSA,a,Diplopoda,,,,,
6/17/2025,TG,2,2,pf,JSA,a,Diplopoda,,,,,
6/17/2025,TG,2,2,pf,JSA,a,Diplopoda,,,,,
6/17/2025,TG,2,2,pf,JSA,a,Diplopoda,,,,,
6/17/2025,TG,2,2,pf,JSA,a,Diplopoda,,,,,
6/17/2025,TG,2,2,pf,JSA,a,Diplopoda,,,,,
6/17/2025,TG,2,2,pf,JSA,a,Diplopoda,,,,,
6/17/2025,TG,2,2,pf,JSA,a,Diplopoda,,,,,
6/17/2025,TG,2,2,pf,JSA,a,Diplopoda,,,,,
6/17/2025,TG,2,2,pf,JSA,a,Diplopoda,,,,,
6/17/2025,TG,2,2,pf,JSA,a,Diplopoda,,,,,
6/17/2025,TG,2,2,pf,JSA,a,Diplopoda,,,,,
6/17/2025,TG,2,2,pf,JSA,a,Diplopoda,,,,,
6/17/2025,TG,2,2,pf,JSA,a,Diplopoda,,,,,
6/17/2025,TG,2,2,pf,JSA,a,Diplopoda,,,,,
6/17/2025,TG,2,2,pf,JSA,a,Diplopoda,,,,,
6/17/2025,TG,2,2,pf,JSA,a,Diplopoda,,,,,
6/17/2025,TG,2,2,pf,JSA,a,Diplopoda,,,,,
6/17/2025,TG,2,2,pf,JSA,a,Diplopoda,,,,,
6/17/2025,TG,2,2,pf,JSA,a,Diplopoda,,,,,
6/17/2025,TG,2,2,pf,JSA,a,Diplopoda,,,,,
6/17/2025,TG,2,2,pf,JSA,a,Diplopoda,,,,,
6/17/2025,TG,2,2,pf,JSA,a,Diplopoda,,,,,
6/17/2025,TG,2,2,pf,JSA,a,Diplopoda,,,,,
6/17/2025,TG,2,2,pf,JSA,a,Diplopoda,,,,,
6/17/2025,TG,2,2,pf,JSA,a,Diplopoda,,,,,
6/17/2025,TG,2,2,pf,JSA,a,Diplopoda,,,,,
6/17/2025,TG,2,2,pf,JSA,a,Diplopoda,,,,,
6/17/2025,TG,2,2,pf,JSA,a,Diplopoda,,,,,
6/17/2025,TG,2,2,pf,JSA,a,Diplopoda,,,,,
6/17/2025,TG,2,2,pf,JSA,a,Diplopoda,,,,,
6/17/2025,TG,2,2,pf,JSA,a,Diplopoda,,,,,
6/17/2025,TG,2,2,pf,JSA,a,Diplopoda,,,,,
6/17/2025,TG,2,2,pf,JSA,a,Diplopoda,,,,,
6/17/2025,TG,2,2,pf,JSA,a,Diplopoda,,,,,
6/17/2025,TG,2,2,pf,JSA,a,Diplopoda,,,,,
6/17/2025,TG,2,2,pf,JSA,a,Diplopoda,,,,,
6/17/2025,TG,2,2,pf,JSA,a,Diplopoda,,,,,
6/17/2025,TG,2,2,pf,JSA,a,Diplopoda,,,,,
6/17/2025,TG,2,2,pf,JSA,a,Diplopoda,,,,,
6/17/2025,TG,2,2,pf,JSA,a,Diplopoda,,,,,
6/17/2025,TG,2,2,pf,JSA,a,Diplopoda,,,,,
6/17/2025,TG,2,2,pf,JSA,a,Diplopoda,,,,,
6/17/2025,TG,2,2,pf,JSA,a,Diplopoda,,,,,
6/17/2025,TG,2,2,pf,JSA,a,Diplopoda,,,,,
6/17/2025,TG,2,2,pf,JSA,a,Diplopoda,,,,,
6/17/2025,TG,2,2,pf,JSA,a,Diplopoda,,,,,
6/17/2025,TG,2,2,pf,JSA,a,Diplopoda,,,,,
6/17/2025,TG,2,2,pf,JSA,a,Diplopoda,,,,,
6/17/2025,TG,2,2,pf,JSA,a,Diplopoda,,,,,
6/17/2025,TG,2,2,pf,JSA,a,Diplopoda,,,,,
6/17/2025,TG,2,2,pf,JSA,a,Diplopoda,,,,,
6/17/2025,TG,2,2,pf,JSA,a,Diplopoda,,,,,
6/17/2025,TG,2,2,pf,JSA,a,Araneae,Araneomorphae ,Lycosidae,,,
6/17/2025,TG,2,2,pf,JSA,a,Araneae,Araneomorphae ,Lycosidae,,,
6/17/2025,TG,2,2,pf,JSA,a,Araneae,Araneomorphae ,Lycosidae,,,
6/17/2025,TG,2,2,pf,JSA,a,Araneae,Araneomorphae ,Lycosidae,,,
6/17/2025,TG,2,2,pf,JSA,a,Araneae,Araneomorphae ,Lycosidae,,,
6/17/2025,TG,2,2,pf,JSA,a,Araneae,Araneomorphae ,Lycosidae,,,
6/17/2025,TG,2,2,pf,JSA,a,Araneae,Araneomorphae ,Lycosidae,,,
6/17/2025,TG,2,2,pf,JSA,a,Araneae,Araneomorphae ,Lycosidae,,,
6/17/2025,TG,2,2,pf,JSA,a,Araneae,Araneomorphae ,Lycosidae,,,
6/17/2025,TG,2,2,pf,JSA,a,Araneae,Araneomorphae ,Lycosidae,,,
6/17/2025,TG,2,2,pf,JSA,a,Araneae,Araneomorphae ,Linyphiidae ,,,
6/17/2025,TG,2,2,pf,JSA,a,Araneae,Araneomorphae ,Linyphiidae ,,,
6/17/2025,TG,2,2,pf,JSA,a,Araneae,Araneomorphae ,Ghaphosidae,,,
6/17/2025,TG,2,2,pf,JSA,a,Araneae,Araneomorphae ,Ghaphosidae,,,
6/17/2025,TG,2,2,pf,JSA,a,Araneae,Araneomorphae ,Ghaphosidae,,,
6/17/2025,TG,2,2,pf,JSA,a,Araneae,Araneomorphae ,Ghaphosidae,,m1,
6/17/2025,TG,2,2,pf,JSA,a,Araneae,Araneomorphae ,Ghaphosidae,,,
6/17/2025,TG,2,2,pf,JSA,a,Araneae,Araneomorphae ,Ghaphosidae,,,
6/17/2025,TG,2,2,pf,JSA,a,Araneae,Araneomorphae ,Ghaphosidae,,,
6/17/2025,TG,2,2,pf,JSA,a,Araneae,Araneomorphae ,Ghaphosidae,,,
6/17/2025,TG,2,2,pf,JSA,a,Hymenoptera,,Formicidae,,,
6/17/2025,TG,2,2,pf,JSA,a,Hemiptera,Auchenorrhyncha,Cicadelidae,,,
6/17/2025,TG,2,2,pf,JSA,a,Diptera,Brachycera,,,,
6/26/2025,TG,3,1,pf,JSA,a,Hymenoptera,,Mutillidae,,,
6/26/2025,TG,3,1,pf,JSA,a,Araneae,Araneomorphae ,Lycosidae,,,
6/26/2025,TG,3,1,pf,JSA,a,Araneae,Araneomorphae ,Linyphiidae,,,
6/26/2025,TG,3,1,pf,JSA,j,Coleoptera,,,,,
6/26/2025,TG,3,1,pf,JSA,a,Coleoptera,,Carabidae,,,
6/26/2025,TG,3,1,pf,JSA,j,Orthoptera,Ensifera,Rhaphidophoridae,,,
6/26/2025,TG,3,1,pf,JSA,a,Acari,,,,,
6/26/2025,TG,3,1,pf,JSA,a,Acari,,,,,
6/26/2025,TG,3,1,pf,JSA,a,Diplododa,,,,,
6/26/2025,TG,3,1,pf,JSA,a,Diplododa,,,,,
6/26/2025,TG,3,1,pf,JSA,a,Hymenoptera,,Formicidae,,,
6/26/2025,TG,3,1,pf,JSA,a,Hymenoptera,,Formicidae,,,
6/26/2025,TG,3,1,pf,JSA,a,Hymenoptera,,Formicidae,,,
6/26/2025,TG,3,1,pf,JSA,a,Hymenoptera,,Formicidae,,,
6/26/2025,TG,3,1,pf,JSA,a,Hymenoptera,,Formicidae,,,
6/26/2025,TG,3,1,pf,JSA,a,Hymenoptera,,Formicidae,,,
6/26/2025,TG,3,1,pf,JSA,a,Hymenoptera,,Formicidae,,,
6/26/2025,TG,3,1,pf,JSA,a,Hymenoptera,,Formicidae,,,
6/26/2025,TG,3,1,pf,JSA,a,Hymenoptera,,Formicidae,,,
6/26/2025,TG,3,1,pf,JSA,a,Hymenoptera,,Formicidae,,,
6/26/2025,TG,3,1,pf,JSA,a,Hymenoptera,,Formicidae,,,
6/26/2025,TG,3,1,pf,JSA,a,Hymenoptera,,Formicidae,,,
6/26/2025,TG,3,1,pf,JSA,a,Hymenoptera,,Formicidae,,,
6/26/2025,TG,3,1,pf,JSA,a,Hymenoptera,,Formicidae,,,
6/26/2025,TG,3,1,pf,JSA,a,Hymenoptera,,Formicidae,,,
6/26/2025,TG,3,1,pf,JSA,a,Hemiptera,,Reduviidae,,,
6/26/2025,TG,3,1,pf,JSA,a,Hymenoptera,,Formicidae,,,
6/26/2025,TG,3,1,pf,JSA,a,Hymenoptera,,Formicidae,,,
6/26/2025,TG,3,1,pf,JSA,a,Hymenoptera,,Formicidae,,,
6/26/2025,TG,3,1,pf,JSA,a,Hymenoptera,,Formicidae,,,
6/26/2025,TG,3,1,pf,JSA,a,Hymenoptera,,Formicidae,,,
6/26/2025,TG,3,1,pf,JSA,a,Coleoptera,,Chrysomeldiae?,,,
6/26/2025,TG,3,2,pf,JSA,a,Acari,,,,,
6/26/2025,TG,3,2,pf,JSA,a,Acari,,,,,
6/26/2025,TG,3,2,pf,JSA,a,Diplododa,,,,,
6/26/2025,TG,3,2,pf,JSA,a,Diplododa,,,,,
6/26/2025,TG,3,2,pf,JSA,a,Coleoptera,,Carabidae,,,
6/26/2025,TG,3,2,pf,JSA,a,Coleoptera,,Scarabaeidae,,,
6/26/2025,TG,3,2,pf,JSA,a,Diptera,Non-Brachycera,,,,
6/26/2025,TG,3,2,pf,JSA,a,Araneae,Araneomorphae ,Ghaphosidae,,,
6/26/2025,TG,3,2,pf,JSA,a,Araneae,Araneomorphae ,Linyphiidae,,,
6/26/2025,TG,3,2,pf,JSA,a,Hymenoptera,,Formicidae,,,
6/26/2025,TG,3,2,pf,JSA,a,Hymenoptera,,Formicidae,,,
6/26/2025,TG,3,2,pf,JSA,a,Hymenoptera,,Formicidae,,,
6/26/2025,TG,3,2,pf,JSA,a,Hymenoptera,,Formicidae,,,
6/26/2025,TG,3,2,pf,JSA,a,Hymenoptera,,Formicidae,,,
6/26/2025,TG,3,2,pf,JSA,a,Hemiptera,Sternorrhyncha,Cicadelidae,,,
6/26/2025,TG,3,2,pf,JSA,a,Hymenoptera,,Formicidae,,,
6/26/2025,TG,3,2,pf,JSA,a,Hymenoptera,,Formicidae,,,
6/26/2025,TG,3,2,pf,JSA,a,Hymenoptera,,Formicidae,,,
6/26/2025,TG,3,2,pf,JSA,a,Hymenoptera,,Formicidae,,,
6/26/2025,TG,3,2,pf,JSA,a,Araneae,Araneomorphae ,,,,
6/26/2025,TG,3,2,pf,JSA,a,Araneae,Araneomorphae ,Lycosidae,,,
6/26/2025,TG,3,2,pf,JSA,a,Araneae,Araneomorphae ,?,,,
6/26/2025,TG,3,2,pf,JSA,a,Diptera,Non-Brachycera,Tipulidae,,,
6/26/2025,TG,3,2,pf,JSA,a,Diptera,Non-Brachycera,Tipulidae,,,
7/3/2025,TG,4,1,pf,JSA,j,Orthoptera,Ensifera,,,,
7/3/2025,TG,4,1,pf,JSA,j,Orthoptera,Ensifera,,,,
7/3/2025,TG,4,1,pf,JSA,a,Acari,,,,,
7/3/2025,TG,4,1,pf,JSA,a,Acari,,,,,
7/3/2025,TG,4,1,pf,JSA,a,Acari,,,,,
7/3/2025,TG,4,1,pf,JSA,a,Acari,,,,,
7/3/2025,TG,4,1,pf,JSA,a,Acari,,,,,
7/3/2025,TG,4,1,pf,JSA,a,Acari,,,,,
7/3/2025,TG,4,1,pf,JSA,a,Acari,,,,,
7/3/2025,TG,4,1,pf,JSA,a,Acari,,,,,
7/3/2025,TG,4,1,pf,JSA,a,Acari,,,,,
7/3/2025,TG,4,1,pf,JSA,a,Acari,,,,,
7/3/2025,TG,4,1,pf,JSA,a,Acari,,,,,
7/3/2025,TG,4,1,pf,JSA,a,Acari,,,,,
7/3/2025,TG,4,1,pf,JSA,a,Acari,,,,,
7/3/2025,TG,4,1,pf,JSA,a,Lepidoptera,,,,,
7/3/2025,TG,4,1,pf,JSA,a,Lepidoptera,,,,,
7/3/2025,TG,4,1,pf,JSA,j,Lepidoptera,,,,,
7/3/2025,TG,4,1,pf,JSA,a,Hymenoptera,,Formicidae,,,
7/3/2025,TG,4,1,pf,JSA,a,Hymenoptera,,Formicidae,,,
7/3/2025,TG,4,1,pf,JSA,a,Hymenoptera,,Formicidae,,,
7/3/2025,TG,4,1,pf,JSA,a,Hymenoptera,,Formicidae,,,
7/3/2025,TG,4,1,pf,JSA,a,Hymenoptera,,Formicidae,,,
7/3/2025,TG,4,1,pf,JSA,a,Hymenoptera,,Formicidae,,,
7/3/2025,TG,4,1,pf,JSA,a,Hymenoptera,,Formicidae,,,
7/3/2025,TG,4,1,pf,JSA,a,Hymenoptera,,Formicidae,,,
7/3/2025,TG,4,1,pf,JSA,a,Hymenoptera,,Formicidae,,,
7/3/2025,TG,4,1,pf,JSA,a,Hymenoptera,,Formicidae,,,
7/3/2025,TG,4,1,pf,JSA,a,Hymenoptera,,Formicidae,,,
7/3/2025,TG,4,1,pf,JSA,a,Hymenoptera,,Formicidae,,,
7/3/2025,TG,4,1,pf,JSA,a,Hymenoptera,,Formicidae,,,
7/3/2025,TG,4,1,pf,JSA,a,Hymenoptera,,Formicidae,,,
7/3/2025,TG,4,1,pf,JSA,a,Hymenoptera,,Formicidae,,,
7/3/2025,TG,4,1,pf,JSA,a,Hymenoptera,,Formicidae,,,
7/3/2025,TG,4,1,pf,JSA,a,Hymenoptera,,Formicidae,,,
7/3/2025,TG,4,1,pf,JSA,a,Hymenoptera,,Formicidae,,,
7/3/2025,TG,4,1,pf,JSA,a,Hymenoptera,,Formicidae,,,
7/3/2025,TG,4,1,pf,JSA,a,Hymenoptera,,Formicidae,,,
7/3/2025,TG,4,1,pf,JSA,a,Hymenoptera,,Formicidae,,,
7/3/2025,TG,4,1,pf,JSA,a,Hymenoptera,,Formicidae,,,
7/3/2025,TG,4,1,pf,JSA,a,Hymenoptera,,Formicidae,,,
7/3/2025,TG,4,1,pf,JSA,a,Hymenoptera,,Formicidae,,,
7/3/2025,TG,4,1,pf,JSA,a,Hymenoptera,,Formicidae,,,
7/3/2025,TG,4,1,pf,JSA,a,Hymenoptera,,Formicidae,,,
7/3/2025,TG,4,1,pf,JSA,a,Hymenoptera,,Formicidae,,,
7/3/2025,TG,4,1,pf,JSA,a,Hymenoptera,,Formicidae,,,
7/3/2025,TG,4,1,pf,JSA,a,Hymenoptera,,Formicidae,,,
7/3/2025,TG,4,1,pf,JSA,a,Hymenoptera,,Formicidae,,,
7/3/2025,TG,4,1,pf,JSA,a,Hymenoptera,,Formicidae,,,
7/3/2025,TG,4,1,pf,JSA,a,Hymenoptera,,Formicidae,,,
7/3/2025,TG,4,1,pf,JSA,a,Hymenoptera,,Formicidae,,,
7/3/2025,TG,4,1,pf,JSA,a,Hymenoptera,,Formicidae,,,
7/3/2025,TG,4,1,pf,JSA,a,Hymenoptera,,Formicidae,,,
7/3/2025,TG,4,1,pf,JSA,a,Hymenoptera,,Formicidae,,,
7/3/2025,TG,4,1,pf,JSA,a,Hymenoptera,,Formicidae,,,
7/3/2025,TG,4,1,pf,JSA,a,Hymenoptera,,Formicidae,,,
7/3/2025,TG,4,1,pf,JSA,a,Hymenoptera,,Formicidae,,,
7/3/2025,TG,4,1,pf,JSA,a,Hymenoptera,,Formicidae,,,
7/3/2025,TG,4,1,pf,JSA,a,Hymenoptera,,Formicidae,,,
7/3/2025,TG,4,1,pf,JSA,a,Hymenoptera,,Formicidae,,,
7/3/2025,TG,4,1,pf,JSA,a,Hymenoptera,,Formicidae,,,
7/3/2025,TG,4,1,pf,JSA,a,Hymenoptera,,Formicidae,,,
7/3/2025,TG,4,1,pf,JSA,a,Hymenoptera,,Formicidae,,,
7/3/2025,TG,4,1,pf,JSA,a,Hymenoptera,,Formicidae,,,
7/3/2025,TG,4,1,pf,JSA,a,Hymenoptera,,Formicidae,,,
7/3/2025,TG,4,1,pf,JSA,a,Hymenoptera,,Formicidae,,,
7/3/2025,TG,4,1,pf,JSA,a,Hymenoptera,,Formicidae,,,
7/3/2025,TG,4,1,pf,JSA,a,Hymenoptera,,Formicidae,,,
7/3/2025,TG,4,1,pf,JSA,a,Hymenoptera,,Formicidae,,,
7/3/2025,TG,4,1,pf,JSA,a,Hymenoptera,,Formicidae,,,
7/3/2025,TG,4,1,pf,JSA,a,Hymenoptera,,Formicidae,,,
7/3/2025,TG,4,1,pf,JSA,a,Hymenoptera,,Formicidae,,,
7/3/2025,TG,4,1,pf,JSA,a,Hymenoptera,,Formicidae,,,
7/3/2025,TG,4,1,pf,JSA,a,Hymenoptera,,Formicidae,,,
7/3/2025,TG,4,1,pf,JSA,a,Hymenoptera,,Formicidae,,,
7/3/2025,TG,4,1,pf,JSA,a,Hymenoptera,,Formicidae,,,
7/3/2025,TG,4,1,pf,JSA,a,Hymenoptera,,Formicidae,,,
7/3/2025,TG,4,1,pf,JSA,a,Hymenoptera,,Formicidae,,,
7/3/2025,TG,4,1,pf,JSA,a,Hymenoptera,,Formicidae,,,
7/3/2025,TG,4,1,pf,JSA,a,Hymenoptera,,Formicidae,,,
7/3/2025,TG,4,1,pf,JSA,a,Hymenoptera,,Formicidae,,,
7/3/2025,TG,4,1,pf,JSA,a,Hymenoptera,,Formicidae,,,
7/3/2025,TG,4,1,pf,JSA,a,Hymenoptera,,Formicidae,,,
7/3/2025,TG,4,1,pf,JSA,a,Hymenoptera,,Formicidae,,,
7/3/2025,TG,4,1,pf,JSA,a,Hymenoptera,,Formicidae,,,
7/3/2025,TG,4,1,pf,JSA,a,Hymenoptera,,Formicidae,,,
7/3/2025,TG,4,1,pf,JSA,a,Hymenoptera,,Formicidae,,,
7/3/2025,TG,4,1,pf,JSA,a,Hymenoptera,,Formicidae,,,
7/3/2025,TG,4,1,pf,JSA,a,Hymenoptera,,Formicidae,,,
7/3/2025,TG,4,1,pf,JSA,a,Hymenoptera,,Formicidae,,,
7/3/2025,TG,4,1,pf,JSA,a,Hymenoptera,,Formicidae,,,
7/3/2025,TG,4,1,pf,JSA,a,Hymenoptera,,Formicidae,,,
7/3/2025,TG,4,1,pf,JSA,a,Hymenoptera,,Formicidae,,,
7/3/2025,TG,4,1,pf,JSA,a,Hymenoptera,,Formicidae,,,
7/3/2025,TG,4,1,pf,JSA,a,Hymenoptera,,Formicidae,,,
7/3/2025,TG,4,1,pf,JSA,a,Hymenoptera,,Formicidae,,,
7/3/2025,TG,4,1,pf,JSA,a,Hymenoptera,,Formicidae,,,
7/3/2025,TG,4,1,pf,JSA,a,Hymenoptera,,Formicidae,,,
7/3/2025,TG,4,1,pf,JSA,a,Hymenoptera,,Formicidae,,,
7/3/2025,TG,4,1,pf,JSA,a,Hymenoptera,,Formicidae,,,
7/3/2025,TG,4,1,pf,JSA,a,Hymenoptera,,Formicidae,,,
7/3/2025,TG,4,1,pf,JSA,a,Hymenoptera,,Formicidae,,,
7/3/2025,TG,4,1,pf,JSA,a,Hymenoptera,,Formicidae,,,
7/3/2025,TG,4,1,pf,JSA,a,Hymenoptera,,Formicidae,,,
7/3/2025,TG,4,1,pf,JSA,a,Hymenoptera,,Formicidae,,,
7/3/2025,TG,4,1,pf,JSA,a,Hymenoptera,,Formicidae,,,
7/3/2025,TG,4,1,pf,JSA,a,Hymenoptera,,Formicidae,,,
7/3/2025,TG,4,1,pf,JSA,a,Hymenoptera,,Formicidae,,,
7/3/2025,TG,4,1,pf,JSA,a,Hymenoptera,,Formicidae,,,
7/3/2025,TG,4,1,pf,JSA,a,Hymenoptera,,Formicidae,,,
7/3/2025,TG,4,1,pf,JSA,a,Hymenoptera,,Formicidae,,,
7/3/2025,TG,4,1,pf,JSA,a,Hymenoptera,,Formicidae,,,
7/3/2025,TG,4,1,pf,JSA,a,Hymenoptera,,Formicidae,,,
7/3/2025,TG,4,1,pf,JSA,a,Hymenoptera,,Formicidae,,,
7/3/2025,TG,4,1,pf,JSA,a,Hymenoptera,,Formicidae,,,
7/3/2025,TG,4,1,pf,JSA,a,Hymenoptera,,Formicidae,,,
7/3/2025,TG,4,1,pf,JSA,a,Hymenoptera,,Formicidae,,,
7/3/2025,TG,4,1,pf,JSA,a,Hymenoptera,,Formicidae,,,
7/3/2025,TG,4,1,pf,JSA,a,Hymenoptera,,Formicidae,,,
7/3/2025,TG,4,1,pf,JSA,a,Hymenoptera,,Formicidae,,,
7/3/2025,TG,4,1,pf,JSA,a,Hymenoptera,,Formicidae,,,
7/3/2025,TG,4,1,pf,JSA,a,Hymenoptera,,Formicidae,,,
7/3/2025,TG,4,1,pf,JSA,a,Hymenoptera,,Formicidae,,,
7/3/2025,TG,4,1,pf,JSA,a,Hymenoptera,,Formicidae,,,
7/3/2025,TG,4,1,pf,JSA,a,Hymenoptera,,Formicidae,,,
7/3/2025,TG,4,1,pf,JSA,a,Hymenoptera,,Formicidae,,,
7/3/2025,TG,4,1,pf,JSA,a,Hymenoptera,,Formicidae,,,
7/3/2025,TG,4,1,pf,JSA,a,Hymenoptera,,Formicidae,,,
7/3/2025,TG,4,1,pf,JSA,a,Hymenoptera,,Formicidae,,,
7/3/2025,TG,4,1,pf,JSA,a,Hymenoptera,,Formicidae,,,
7/3/2025,TG,4,1,pf,JSA,a,Hymenoptera,,Formicidae,,,
7/3/2025,TG,4,1,pf,JSA,a,Hymenoptera,,Formicidae,,,
7/3/2025,TG,4,1,pf,JSA,a,Hymenoptera,,Formicidae,,,
7/3/2025,TG,4,1,pf,JSA,a,Hymenoptera,,Formicidae,,,
7/3/2025,TG,4,1,pf,JSA,a,Hymenoptera,,Formicidae,,,
7/3/2025,TG,4,1,pf,JSA,a,Hymenoptera,,Formicidae,,,
7/3/2025,TG,4,1,pf,JSA,a,Hymenoptera,,Formicidae,,,
7/3/2025,TG,4,1,pf,JSA,a,Hymenoptera,,Formicidae,,,
7/3/2025,TG,4,1,pf,JSA,a,Hymenoptera,,Formicidae,,,
7/3/2025,TG,4,1,pf,JSA,a,Hymenoptera,,Formicidae,,,
7/3/2025,TG,4,1,pf,JSA,a,Hymenoptera,,Formicidae,,,
7/3/2025,TG,4,1,pf,JSA,a,Hymenoptera,,Formicidae,,,
7/3/2025,TG,4,1,pf,JSA,a,Hymenoptera,,Formicidae,,,
7/3/2025,TG,4,1,pf,JSA,a,Hymenoptera,,Formicidae,,,
7/3/2025,TG,4,1,pf,JSA,a,Hymenoptera,,Formicidae,,,
7/3/2025,TG,4,1,pf,JSA,a,Hymenoptera,,Formicidae,,,
7/3/2025,TG,4,1,pf,JSA,a,Hymenoptera,,Formicidae,,,
7/3/2025,TG,4,1,pf,JSA,a,Hymenoptera,,Formicidae,,,
7/3/2025,TG,4,1,pf,JSA,a,Hymenoptera,,Formicidae,,,
7/3/2025,TG,4,1,pf,JSA,a,Hymenoptera,,Formicidae,,,
7/3/2025,TG,4,1,pf,JSA,a,Hymenoptera,,Formicidae,,,
7/3/2025,TG,4,1,pf,JSA,a,Hymenoptera,,Formicidae,,,
7/3/2025,TG,4,1,pf,JSA,a,Hymenoptera,,Formicidae,,,
7/3/2025,TG,4,1,pf,JSA,a,Hymenoptera,,Formicidae,,,
7/3/2025,TG,4,1,pf,JSA,a,Diplododa,,,,,
7/3/2025,TG,4,1,pf,JSA,a,Diplododa,,,,,
7/3/2025,TG,4,1,pf,JSA,a,Diplododa,,,,,
7/3/2025,TG,4,1,pf,JSA,a,Diplododa,,,,,
7/3/2025,TG,4,1,pf,JSA,a,Diplododa,,,,,
7/3/2025,TG,4,1,pf,JSA,a,Diplododa,,,,,
7/3/2025,TG,4,1,pf,JSA,a,Diplododa,,,,,
7/3/2025,TG,4,1,pf,JSA,a,Diptera,Brachycera,,,,
7/3/2025,TG,4,1,pf,JSA,a,Diptera,Brachycera,,,,
7/3/2025,TG,4,1,pf,JSA,a,Diptera,Brachycera,,,,
7/3/2025,TG,4,1,pf,JSA,a,Diptera,Brachycera,,,,
7/3/2025,TG,4,1,pf,JSA,a,Diptera,Brachycera,,,,
7/3/2025,TG,4,1,pf,JSA,a,Araneae,Araneomorphae ,Ghaphosidae,,,
7/3/2025,TG,4,1,pf,JSA,a,Araneae,Araneomorphae ,Lycosidae,,,
7/3/2025,TG,4,1,pf,JSA,a,Araneae,Araneomorphae ,Lycosidae,,,
7/3/2025,TG,4,1,pf,JSA,a,Araneae,Araneomorphae ,Lycosidae,,,
7/3/2025,TG,4,1,pf,JSA,a,Araneae,Araneomorphae ,Lycosidae,,,
7/3/2025,TG,4,1,pf,JSA,a,Coleoptera,,Carabidae,,,
7/3/2025,TG,4,1,pf,JSA,a,Coleoptera,,Carabidae,,,
7/3/2025,TG,4,1,pf,JSA,a,Coleoptera,,Carabidae,,,
7/3/2025,TG,4,1,pf,JSA,a,Coleoptera,,Carabidae,,,
7/3/2025,TG,4,1,pf,JSA,a,Coleoptera,,Carabidae,,,
7/3/2025,TG,4,1,pf,JSA,a,Coleoptera,,Carabidae,,,
7/3/2025,TG,4,1,pf,JSA,a,Coleoptera,,Carabidae,,,
7/3/2025,TG,4,1,pf,JSA,a,Coleoptera,,Carabidae,,,
7/3/2025,TG,4,1,pf,JSA,a,Coleoptera,,Carabidae,,,
7/3/2025,TG,4,1,pf,JSA,a,Coleoptera,,Carabidae,,,
7/3/2025,TG,4,1,pf,JSA,a,Coleoptera,,Carabidae,,,
7/3/2025,TG,4,1,pf,JSA,a,Coleoptera,,Carabidae,,,
7/3/2025,TG,4,1,pf,JSA,a,Coleoptera,,Carabidae,,,
7/3/2025,TG,4,1,pf,JSA,a,Coleoptera,,Carabidae,,,
7/3/2025,TG,4,1,pf,JSA,a,Coleoptera,,Carabidae,,,
7/3/2025,TG,4,1,pf,JSA,a,Coleoptera,,Curculionidae,,,
7/3/2025,TG,4,1,pf,JSA,a,Coleoptera,,Curculionidae,,,
7/3/2025,TG,4,1,pf,JSA,a,Coleoptera,,Elateridae,,,
7/3/2025,TG,4,1,pf,JSA,a,Coleoptera,,Staphylinidae,,,
7/3/2025,TG,4,1,pf,JSA,a,Coleoptera,,Tenebrionidae,,,
7/3/2025,TG,4,1,pf,JSA,a,Coleoptera,,Tenebrionidae,,,
7/3/2025,TG,4,1,pf,JSA,a,Coleoptera,,Tenebrionidae,,,
7/3/2025,TG,4,1,pf,JSA,a,Coleoptera,,Tenebrionidae,,,
7/3/2025,TG,4,1,pf,JSA,a,Coleoptera,,Tenebrionidae,,,
7/3/2025,TG,4,1,pf,JSA,a,Coleoptera,,Tenebrionidae,,,
7/3/2025,TG,4,2,pf,JSA,a,Diptera,Brachycera ,,,,
7/3/2025,TG,4,2,pf,JSA,a,Diptera,Brachycera ,,,,
7/3/2025,TG,4,2,pf,JSA,a,Diptera,Brachycera ,,,,
7/3/2025,TG,4,2,pf,JSA,a,Acari,,,,,
7/3/2025,TG,4,2,pf,JSA,a,Acari,,,,,
7/3/2025,TG,4,2,pf,JSA,a,Acari,,,,,
7/3/2025,TG,4,2,pf,JSA,a,Acari,,,,,
7/3/2025,TG,4,2,pf,JSA,a,Acari,,,,,
7/3/2025,TG,4,2,pf,JSA,a,Acari,,,,,
7/3/2025,TG,4,2,pf,JSA,a,Acari,,,,,
7/3/2025,TG,4,2,pf,JSA,a,Acari,,,,,
7/3/2025,TG,4,2,pf,JSA,a,Acari,,,,,
7/3/2025,TG,4,2,pf,JSA,a,Acari,,,,,
7/3/2025,TG,4,2,pf,JSA,a,Hymenoptera,,Formicidae,,,
7/3/2025,TG,4,2,pf,JSA,a,Hymenoptera,,Formicidae,,,
7/3/2025,TG,4,2,pf,JSA,a,Hymenoptera,,Formicidae,,,
7/3/2025,TG,4,2,pf,JSA,a,Hymenoptera,,Formicidae,,,
7/3/2025,TG,4,2,pf,JSA,a,Hymenoptera,,Formicidae,,,
7/3/2025,TG,4,2,pf,JSA,a,Hymenoptera,,Formicidae,,,
7/3/2025,TG,4,2,pf,JSA,a,Hymenoptera,,Formicidae,,,
7/3/2025,TG,4,2,pf,JSA,a,Hymenoptera,,Formicidae,,,
7/3/2025,TG,4,2,pf,JSA,a,Hymenoptera,,Formicidae,,,
7/3/2025,TG,4,2,pf,JSA,a,Hymenoptera,,Formicidae,,,
7/3/2025,TG,4,2,pf,JSA,a,Hymenoptera,,Formicidae,,,
7/3/2025,TG,4,2,pf,JSA,a,Hymenoptera,,Formicidae,,,
7/3/2025,TG,4,2,pf,JSA,a,Hymenoptera,,Formicidae,,,
7/3/2025,TG,4,2,pf,JSA,a,Hymenoptera,,Formicidae,,,
7/3/2025,TG,4,2,pf,JSA,a,Hymenoptera,,Formicidae,,,
7/3/2025,TG,4,2,pf,JSA,a,Hymenoptera,,Formicidae,,,
7/3/2025,TG,4,2,pf,JSA,a,Hymenoptera,,Formicidae,,,
7/3/2025,TG,4,2,pf,JSA,a,Hymenoptera,,Formicidae,,,
7/3/2025,TG,4,2,pf,JSA,a,Hymenoptera,,Formicidae,,,
7/3/2025,TG,4,2,pf,JSA,a,Hymenoptera,,Formicidae,,,
7/3/2025,TG,4,2,pf,JSA,a,Hymenoptera,,Formicidae,,,
7/3/2025,TG,4,2,pf,JSA,a,Hymenoptera,,Formicidae,,,
7/3/2025,TG,4,2,pf,JSA,a,Hymenoptera,,Formicidae,,,
7/3/2025,TG,4,2,pf,JSA,a,Hymenoptera,,Formicidae,,,
7/3/2025,TG,4,2,pf,JSA,a,Hymenoptera,,Formicidae,,,
7/3/2025,TG,4,2,pf,JSA,a,Hymenoptera,,Formicidae,,,
7/3/2025,TG,4,2,pf,JSA,a,Hymenoptera,,Formicidae,,,
7/3/2025,TG,4,2,pf,JSA,a,Hymenoptera,,Formicidae,,,
7/3/2025,TG,4,2,pf,JSA,a,Hymenoptera,,Formicidae,,,
7/3/2025,TG,4,2,pf,JSA,a,Hymenoptera,,Formicidae,,,
7/3/2025,TG,4,2,pf,JSA,a,Hymenoptera,,Formicidae,,,
7/3/2025,TG,4,2,pf,JSA,a,Hymenoptera,,Formicidae,,,
7/3/2025,TG,4,2,pf,JSA,a,Hymenoptera,,Formicidae,,,
7/3/2025,TG,4,2,pf,JSA,a,Hymenoptera,,Formicidae,,,
7/3/2025,TG,4,2,pf,JSA,a,Hymenoptera,,Formicidae,,,
7/3/2025,TG,4,2,pf,JSA,a,Hymenoptera,,Formicidae,,,
7/3/2025,TG,4,2,pf,JSA,a,Hymenoptera,,Formicidae,,,
7/3/2025,TG,4,2,pf,JSA,a,Hymenoptera,,Formicidae,,,
7/3/2025,TG,4,2,pf,JSA,a,Hymenoptera,,Formicidae,,,
7/3/2025,TG,4,2,pf,JSA,a,Hymenoptera,,Formicidae,,,
7/3/2025,TG,4,2,pf,JSA,a,Hymenoptera,,Formicidae,,,
7/3/2025,TG,4,2,pf,JSA,a,Hymenoptera,,Formicidae,,,
7/3/2025,TG,4,2,pf,JSA,a,Hymenoptera,,Formicidae,,,
7/3/2025,TG,4,2,pf,JSA,a,Hymenoptera,,Formicidae,,,
7/3/2025,TG,4,2,pf,JSA,a,Hymenoptera,,Formicidae,,,
7/3/2025,TG,4,2,pf,JSA,a,Hymenoptera,,Formicidae,,,
7/3/2025,TG,4,2,pf,JSA,a,Hymenoptera,,Formicidae,,,
7/3/2025,TG,4,2,pf,JSA,a,Hymenoptera,,Formicidae,,,
7/3/2025,TG,4,2,pf,JSA,a,Hymenoptera,,Formicidae,,,
7/3/2025,TG,4,2,pf,JSA,a,Hymenoptera,,Formicidae,,,
7/3/2025,TG,4,2,pf,JSA,a,Hymenoptera,,Formicidae,,,
7/3/2025,TG,4,2,pf,JSA,a,Hymenoptera,,Formicidae,,,
7/3/2025,TG,4,2,pf,JSA,a,Hymenoptera,,Formicidae,,,
7/3/2025,TG,4,2,pf,JSA,a,Hymenoptera,,Formicidae,,,
7/3/2025,TG,4,2,pf,JSA,a,Hymenoptera,,Formicidae,,,
7/3/2025,TG,4,2,pf,JSA,a,Hymenoptera,,Formicidae,,,
7/3/2025,TG,4,2,pf,JSA,a,Hymenoptera,,Formicidae,,,
7/3/2025,TG,4,2,pf,JSA,a,Hymenoptera,,Formicidae,,,
7/3/2025,TG,4,2,pf,JSA,a,Hymenoptera,,Formicidae,,,
7/3/2025,TG,4,2,pf,JSA,a,Hymenoptera,,Formicidae,,,
7/3/2025,TG,4,2,pf,JSA,a,Hymenoptera,,Formicidae,,,
7/3/2025,TG,4,2,pf,JSA,a,Hymenoptera,,Formicidae,,,
7/3/2025,TG,4,2,pf,JSA,a,Hymenoptera,,Formicidae,,,
7/3/2025,TG,4,2,pf,JSA,a,Hymenoptera,,Formicidae,,,
7/3/2025,TG,4,2,pf,JSA,a,Hymenoptera,,Formicidae,,,
7/3/2025,TG,4,2,pf,JSA,a,Hymenoptera,,Formicidae,,,
7/3/2025,TG,4,2,pf,JSA,a,Hymenoptera,,Formicidae,,,
7/3/2025,TG,4,2,pf,JSA,a,Hymenoptera,,Formicidae,,,
7/3/2025,TG,4,2,pf,JSA,a,Hymenoptera,,Formicidae,,,
7/3/2025,TG,4,2,pf,JSA,a,Hymenoptera,,Formicidae,,,
7/3/2025,TG,4,2,pf,JSA,a,Hymenoptera,,Formicidae,,,
7/3/2025,TG,4,2,pf,JSA,a,Hymenoptera,,Formicidae,,,
7/3/2025,TG,4,2,pf,JSA,a,Hymenoptera,,Formicidae,,,
7/3/2025,TG,4,2,pf,JSA,a,Hymenoptera,,Formicidae,,,
7/3/2025,TG,4,2,pf,JSA,a,Hymenoptera,,Formicidae,,,
7/3/2025,TG,4,2,pf,JSA,a,Hymenoptera,,Formicidae,,,
7/3/2025,TG,4,2,pf,JSA,a,Hymenoptera,,Formicidae,,,
7/3/2025,TG,4,2,pf,JSA,a,Hymenoptera,,Formicidae,,,
7/3/2025,TG,4,2,pf,JSA,a,Hymenoptera,,Formicidae,,,
7/3/2025,TG,4,2,pf,JSA,a,Hymenoptera,,Formicidae,,,
7/3/2025,TG,4,2,pf,JSA,a,Hymenoptera,,Formicidae,,,
7/3/2025,TG,4,2,pf,JSA,a,Hymenoptera,,Formicidae,,,
7/3/2025,TG,4,2,pf,JSA,a,Hymenoptera,,Formicidae,,,
7/3/2025,TG,4,2,pf,JSA,a,Hymenoptera,,Formicidae,,,
7/3/2025,TG,4,2,pf,JSA,a,Hymenoptera,,Formicidae,,,
7/3/2025,TG,4,2,pf,JSA,a,Hymenoptera,,Formicidae,,,
7/3/2025,TG,4,2,pf,JSA,a,Hymenoptera,,Formicidae,,,
7/3/2025,TG,4,2,pf,JSA,a,Hymenoptera,,Formicidae,,,
7/3/2025,TG,4,2,pf,JSA,a,Hymenoptera,,Formicidae,,,
7/3/2025,TG,4,2,pf,JSA,a,Hymenoptera,,Formicidae,,,
7/3/2025,TG,4,2,pf,JSA,a,Hymenoptera,,Formicidae,,,
7/3/2025,TG,4,2,pf,JSA,a,Hymenoptera,,Formicidae,,,
7/3/2025,TG,4,2,pf,JSA,a,Hymenoptera,,Formicidae,,,
7/3/2025,TG,4,2,pf,JSA,a,Hymenoptera,,Formicidae,,,
7/3/2025,TG,4,2,pf,JSA,a,Hymenoptera,,Formicidae,,,
7/3/2025,TG,4,2,pf,JSA,a,Hymenoptera,,Formicidae,,,
7/3/2025,TG,4,2,pf,JSA,a,Hymenoptera,,Formicidae,,,
7/3/2025,TG,4,2,pf,JSA,a,Hymenoptera,,Formicidae,,,
7/3/2025,TG,4,2,pf,JSA,a,Hymenoptera,,Formicidae,,,
7/3/2025,TG,4,2,pf,JSA,a,Hymenoptera,,Formicidae,,,
7/3/2025,TG,4,2,pf,JSA,a,Hymenoptera,,Formicidae,,,
7/3/2025,TG,4,2,pf,JSA,a,Hymenoptera,,Formicidae,,,
7/3/2025,TG,4,2,pf,JSA,a,Hymenoptera,,Formicidae,,,
7/3/2025,TG,4,2,pf,JSA,a,Hymenoptera,,Formicidae,,,
7/3/2025,TG,4,2,pf,JSA,a,Hymenoptera,,Formicidae,,,
7/3/2025,TG,4,2,pf,JSA,a,Hymenoptera,,Formicidae,,,
7/3/2025,TG,4,2,pf,JSA,a,Hymenoptera,,Formicidae,,,
7/3/2025,TG,4,2,pf,JSA,a,Hymenoptera,,Formicidae,,,
7/3/2025,TG,4,2,pf,JSA,a,Hymenoptera,,Formicidae,,,
7/3/2025,TG,4,2,pf,JSA,a,Hymenoptera,,Formicidae,,,
7/3/2025,TG,4,2,pf,JSA,a,Hymenoptera,,Formicidae,,,
7/3/2025,TG,4,2,pf,JSA,a,Hymenoptera,,Formicidae,,,
7/3/2025,TG,4,2,pf,JSA,a,Hymenoptera,,Formicidae,,,
7/3/2025,TG,4,2,pf,JSA,a,Hymenoptera,,Formicidae,,,
7/3/2025,TG,4,2,pf,JSA,a,Hymenoptera,,Formicidae,,,
7/3/2025,TG,4,2,pf,JSA,a,Hymenoptera,,Formicidae,,,
7/3/2025,TG,4,2,pf,JSA,a,Hymenoptera,,Formicidae,,,
7/3/2025,TG,4,2,pf,JSA,a,Hymenoptera,,Formicidae,,,
7/3/2025,TG,4,2,pf,JSA,a,Hymenoptera,,Formicidae,,,
7/3/2025,TG,4,2,pf,JSA,a,Hymenoptera,,Formicidae,,,
7/3/2025,TG,4,2,pf,JSA,a,Hymenoptera,,Formicidae,,,
7/3/2025,TG,4,2,pf,JSA,a,Hymenoptera,,Formicidae,,,
7/3/2025,TG,4,2,pf,JSA,a,Hymenoptera,,Formicidae,,,
7/3/2025,TG,4,2,pf,JSA,a,Hymenoptera,,Formicidae,,,
7/3/2025,TG,4,2,pf,JSA,a,Hymenoptera,,Formicidae,,,
7/3/2025,TG,4,2,pf,JSA,a,Hymenoptera,,Formicidae,,,
7/3/2025,TG,4,2,pf,JSA,a,Hymenoptera,,Formicidae,,,
7/3/2025,TG,4,2,pf,JSA,a,Hymenoptera,,Formicidae,,,
7/3/2025,TG,4,2,pf,JSA,a,Hymenoptera,,Formicidae,,,
7/3/2025,TG,4,2,pf,JSA,a,Hymenoptera,,Formicidae,,,
7/3/2025,TG,4,2,pf,JSA,a,Hymenoptera,,Formicidae,,,
7/3/2025,TG,4,2,pf,JSA,a,Hymenoptera,,Formicidae,,,
7/3/2025,TG,4,2,pf,JSA,a,Hymenoptera,,Formicidae,,,
7/3/2025,TG,4,2,pf,JSA,a,Hymenoptera,,Formicidae,,,
7/3/2025,TG,4,2,pf,JSA,a,Hymenoptera,,Formicidae,,,
7/3/2025,TG,4,2,pf,JSA,a,Hymenoptera,,Formicidae,,,
7/3/2025,TG,4,2,pf,JSA,a,Hymenoptera,,Formicidae,,,
7/3/2025,TG,4,2,pf,JSA,a,Hymenoptera,,Formicidae,,,
7/3/2025,TG,4,2,pf,JSA,a,Hymenoptera,,Formicidae,,,
7/3/2025,TG,4,2,pf,JSA,a,Hymenoptera,,Formicidae,,,
7/3/2025,TG,4,2,pf,JSA,a,Hymenoptera,,Formicidae,,,
7/3/2025,TG,4,2,pf,JSA,a,Hymenoptera,,Formicidae,,,
7/3/2025,TG,4,2,pf,JSA,a,Hymenoptera,,Formicidae,,,
7/3/2025,TG,4,2,pf,JSA,a,Hymenoptera,,Formicidae,,,
7/3/2025,TG,4,2,pf,JSA,a,Hymenoptera,,Formicidae,,,
7/3/2025,TG,4,2,pf,JSA,a,Hymenoptera,,Formicidae,,,
7/3/2025,TG,4,2,pf,JSA,a,Hymenoptera,,Formicidae,,,
7/3/2025,TG,4,2,pf,JSA,a,Hymenoptera,,Formicidae,,,
7/3/2025,TG,4,2,pf,JSA,a,Hymenoptera,,Formicidae,,,
7/3/2025,TG,4,2,pf,JSA,a,Hymenoptera,,Formicidae,,,
7/3/2025,TG,4,2,pf,JSA,a,Hymenoptera,,Formicidae,,,
7/3/2025,TG,4,2,pf,JSA,a,Hymenoptera,,Formicidae,,,
7/3/2025,TG,4,2,pf,JSA,a,Hymenoptera,,Formicidae,,,
7/3/2025,TG,4,2,pf,JSA,a,Hymenoptera,,Formicidae,,,
7/3/2025,TG,4,2,pf,JSA,a,Hymenoptera,,Formicidae,,,
7/3/2025,TG,4,2,pf,JSA,a,Hymenoptera,,Formicidae,,,
7/3/2025,TG,4,2,pf,JSA,a,Hymenoptera,,Formicidae,,,
7/3/2025,TG,4,2,pf,JSA,a,Hymenoptera,,Formicidae,,,
7/3/2025,TG,4,2,pf,JSA,a,Hymenoptera,,Formicidae,,,
7/3/2025,TG,4,2,pf,JSA,a,Hymenoptera,,Formicidae,,,
7/3/2025,TG,4,2,pf,JSA,a,Hymenoptera,,Formicidae,,,
7/3/2025,TG,4,2,pf,JSA,a,Hymenoptera,,Formicidae,,,
7/3/2025,TG,4,2,pf,JSA,a,Hymenoptera,,Formicidae,,,
7/3/2025,TG,4,2,pf,JSA,a,Hymenoptera,,Formicidae,,,
7/3/2025,TG,4,2,pf,JSA,a,Hymenoptera,,Formicidae,,,
7/3/2025,TG,4,2,pf,JSA,a,Hymenoptera,,Formicidae,,,
7/3/2025,TG,4,2,pf,JSA,a,Hymenoptera,,Formicidae,,,
7/3/2025,TG,4,2,pf,JSA,a,Hymenoptera,,Formicidae,,,
7/3/2025,TG,4,2,pf,JSA,a,Hymenoptera,,Formicidae,,,
7/3/2025,TG,4,2,pf,JSA,a,Hymenoptera,,Formicidae,,,
7/3/2025,TG,4,2,pf,JSA,a,Hymenoptera,,Formicidae,,,
7/3/2025,TG,4,2,pf,JSA,a,Hymenoptera,,Formicidae,,,
7/3/2025,TG,4,2,pf,JSA,a,Hymenoptera,,Formicidae,,,
7/3/2025,TG,4,2,pf,JSA,a,Hymenoptera,,Formicidae,,,
7/3/2025,TG,4,2,pf,JSA,a,Hymenoptera,,Formicidae,,,
7/3/2025,TG,4,2,pf,JSA,a,Hymenoptera,,Formicidae,,,
7/3/2025,TG,4,2,pf,JSA,a,Hymenoptera,,Formicidae,,,
7/3/2025,TG,4,2,pf,JSA,a,Hymenoptera,,Formicidae,,,
7/3/2025,TG,4,2,pf,JSA,a,Hymenoptera,,Formicidae,,,
7/3/2025,TG,4,2,pf,JSA,a,Hymenoptera,,Formicidae,,,
7/3/2025,TG,4,2,pf,JSA,a,Hymenoptera,,Formicidae,,,
7/3/2025,TG,4,2,pf,JSA,a,Hymenoptera,,Formicidae,,,
7/3/2025,TG,4,2,pf,JSA,a,Hymenoptera,,Formicidae,,,
7/3/2025,TG,4,2,pf,JSA,a,Hymenoptera,,Formicidae,,,
7/3/2025,TG,4,2,pf,JSA,a,Hymenoptera,,Formicidae,,,
7/3/2025,TG,4,2,pf,JSA,a,Hymenoptera,,Formicidae,,,
7/3/2025,TG,4,2,pf,JSA,a,Hymenoptera,,Formicidae,,,
7/3/2025,TG,4,2,pf,JSA,a,Hymenoptera,,Formicidae,,,
7/3/2025,TG,4,2,pf,JSA,a,Hymenoptera,,Formicidae,,,
7/3/2025,TG,4,2,pf,JSA,a,Archaeognatha,,,,,
7/3/2025,TG,4,2,pf,JSA,a,Opiliones,,,,,
7/3/2025,TG,4,2,pf,JSA,a,Opiliones,,,,,
7/3/2025,TG,4,2,pf,JSA,a,Hemiptera,,Reduviidae,,,
7/3/2025,TG,4,2,pf,JSA,a,Diplopoda,,,,,
7/3/2025,TG,4,2,pf,JSA,a,Diplopoda,,,,,
7/3/2025,TG,4,2,pf,JSA,a,Diplopoda,,,,,
7/3/2025,TG,4,2,pf,JSA,a,Diplopoda,,,,,
7/3/2025,TG,4,2,pf,JSA,a,Diplopoda,,,,,
7/3/2025,TG,4,2,pf,JSA,a,Diplopoda,,,,,
7/3/2025,TG,4,2,pf,JSA,a,Araneae,Araneomorphae ,Lycosidae,,,
7/3/2025,TG,4,2,pf,JSA,a,Araneae,Araneomorphae ,Ghaphosidae,,,
7/3/2025,TG,4,2,pf,JSA,a,Araneae,Araneomorphae ,Ghaphosidae,,,
7/3/2025,TG,4,2,pf,JSA,a,Araneae,Araneomorphae ,Ghaphosidae,,,
7/3/2025,TG,4,2,pf,JSA,a,Araneae,Araneomorphae ,Ghaphosidae,,,
7/3/2025,TG,4,2,pf,JSA,a,Araneae,Araneomorphae ,Lycosidae,,,
7/3/2025,TG,4,2,pf,JSA,a,Araneae,Araneomorphae ,Lycosidae,,,
7/3/2025,TG,4,2,pf,JSA,a,Araneae,Araneomorphae ,Lycosidae,,,
7/3/2025,TG,4,2,pf,JSA,a,Araneae,Araneomorphae ,Lycosidae,,,
7/3/2025,TG,4,2,pf,JSA,a,Araneae,Araneomorphae ,Lycosidae,,,
7/3/2025,TG,4,2,pf,JSA,a,Araneae,Araneomorphae ,Lycosidae,,,
7/3/2025,TG,4,2,pf,JSA,a,Araneae,Araneomorphae ,Lycosidae,,,
7/3/2025,TG,4,2,pf,JSA,a,Araneae,Araneomorphae ,Lycosidae,,,
7/3/2025,TG,4,2,pf,JSA,a,Araneae,Araneomorphae ,Lycosidae,,,
7/3/2025,TG,4,2,pf,JSA,a,Araneae,Araneomorphae ,Lycosidae,,,
7/3/2025,TG,4,2,pf,JSA,a,Araneae,Araneomorphae ,Linyphiidae,,,
7/3/2025,TG,4,2,pf,JSA,a,Coleoptera,,Staphylinidae,,,
7/3/2025,TG,4,2,pf,JSA,a,Coleoptera,,Staphylinidae,,,
7/3/2025,TG,4,2,pf,JSA,a,Coleoptera,,Curculionidae,,,
7/3/2025,TG,4,2,pf,JSA,a,Coleoptera,,Staphylinidae,,,
7/3/2025,TG,4,2,pf,JSA,a,Hymenoptera,,Formicidae,,,
7/3/2025,TG,4,2,pf,JSA,a,Coleoptera,,Carabidae,,,
7/3/2025,TG,4,2,pf,JSA,a,Coleoptera,,Carabidae,,,
7/3/2025,TG,4,2,pf,JSA,a,Coleoptera,,Carabidae,,,
7/3/2025,TG,4,2,pf,JSA,a,Coleoptera,,Carabidae,,,
7/3/2025,TG,4,2,pf,JSA,a,Coleoptera,,Carabidae,,,
7/3/2025,TG,4,2,pf,JSA,a,Coleoptera,,Carabidae,,,
7/3/2025,TG,4,2,pf,JSA,a,Coleoptera,,Carabidae,,,
7/3/2025,TG,4,2,pf,JSA,a,Coleoptera,,Carabidae,,,
7/3/2025,TG,4,2,pf,JSA,a,Coleoptera,,Carabidae,,,
7/3/2025,TG,4,2,pf,JSA,a,Coleoptera,,Carabidae,,,
7/3/2025,TG,4,2,pf,JSA,a,Coleoptera,,Carabidae,,,
7/3/2025,TG,4,2,pf,JSA,a,Coleoptera,,Carabidae,,,
7/3/2025,TG,4,2,pf,JSA,a,Coleoptera,,Carabidae,,,
7/3/2025,TG,4,2,pf,JSA,a,Coleoptera,,Carabidae,,,
7/3/2025,TG,4,2,pf,JSA,a,Coleoptera,,Carabidae,,,
7/3/2025,TG,4,2,pf,JSA,a,Coleoptera,,Carabidae,,,
7/3/2025,TG,4,2,pf,JSA,a,Coleoptera,,Carabidae,,,
7/3/2025,TG,4,2,pf,JSA,a,Coleoptera,,Carabidae,,,
7/3/2025,TG,4,2,pf,JSA,a,Coleoptera,,Carabidae,,,
7/3/2025,TG,4,2,pf,JSA,a,Coleoptera,,Carabidae,,,
7/3/2025,TG,4,2,pf,JSA,a,Coleoptera,,Carabidae,,,
7/3/2025,TG,5,1,pf,JSA,a,Acari,,,,,
7/3/2025,TG,5,1,pf,JSA,a,Acari,,,,,
7/3/2025,TG,5,1,pf,JSA,a,Acari,,,,,
7/3/2025,TG,5,1,pf,JSA,a,Acari,,,,,
7/3/2025,TG,5,1,pf,JSA,a,Acari,,,,,
7/3/2025,TG,5,1,pf,JSA,a,Hemiptera,Auchenorrhyncha,,,,
7/3/2025,TG,5,1,pf,JSA,j,Hemiptera,Auchenorrhyncha,,,,
7/3/2025,TG,5,1,pf,JSA,j,Hemiptera,Auchenorrhyncha,,,,
7/3/2025,TG,5,1,pf,JSA,j,Hemiptera,Auchenorrhyncha,,,,
7/3/2025,TG,5,1,pf,JSA,j,Hemiptera,Auchenorrhyncha,,,,
7/3/2025,TG,5,1,pf,JSA,a,Diptera,Brachycera,,,,
7/3/2025,TG,5,1,pf,JSA,a,Diptera,Brachycera,,,,
7/3/2025,TG,5,1,pf,JSA,a,Diptera,Brachycera,,,,
7/3/2025,TG,5,1,pf,JSA,a,Diptera,Brachycera,,,,
7/3/2025,TG,5,1,pf,JSA,a,Diptera,Brachycera,,,,
7/3/2025,TG,5,1,pf,JSA,a,Diptera,Brachycera,,,,
7/3/2025,TG,5,1,pf,JSA,a,Diptera,Brachycera,,,,
7/3/2025,TG,5,1,pf,JSA,a,Diptera,Brachycera,,,,
7/3/2025,TG,5,1,pf,JSA,a,Diptera,Brachycera,,,,
7/3/2025,TG,5,1,pf,JSA,a,Diptera,Non-Brachycera,,,,
7/3/2025,TG,5,1,pf,JSA,a,Diptera,Non-Brachycera,,,,
7/3/2025,TG,5,1,pf,JSA,a,Diptera,Non-Brachycera,,,,
7/3/2025,TG,5,1,pf,JSA,a,Diptera,Non-Brachycera,,,,
7/3/2025,TG,5,1,pf,JSA,a,Diptera,Non-Brachycera,,,,
7/3/2025,TG,5,1,pf,JSA,j,Orthoptera,Caelifera,,,,
7/3/2025,TG,5,1,pf,JSA,a,Opiliones,,,,,
7/3/2025,TG,5,1,pf,JSA,a,Opiliones,,,,,
7/3/2025,TG,5,1,pf,JSA,a,Opiliones,,,,,
7/3/2025,TG,5,1,pf,JSA,a,Chilopoda,,,,,
7/3/2025,TG,5,1,pf,JSA,a,Hymenoptera,,Formicidae,,,
7/3/2025,TG,5,1,pf,JSA,a,Hymenoptera,,Formicidae,,,
7/3/2025,TG,5,1,pf,JSA,a,Hymenoptera,,Formicidae,,,
7/3/2025,TG,5,1,pf,JSA,a,Hymenoptera,,Formicidae,,,
7/3/2025,TG,5,1,pf,JSA,a,Hymenoptera,,Formicidae,,,
7/3/2025,TG,5,1,pf,JSA,a,Hymenoptera,,Formicidae,,,
7/3/2025,TG,5,1,pf,JSA,a,Hymenoptera,,Formicidae,,,
7/3/2025,TG,5,1,pf,JSA,a,Hymenoptera,,Formicidae,,,
7/3/2025,TG,5,1,pf,JSA,a,Hymenoptera,,Formicidae,,,
7/3/2025,TG,5,1,pf,JSA,a,Hymenoptera,,Formicidae,,,
7/3/2025,TG,5,1,pf,JSA,a,Hymenoptera,,Formicidae,,,
7/3/2025,TG,5,1,pf,JSA,a,Hymenoptera,,Formicidae,,,
7/3/2025,TG,5,1,pf,JSA,a,Hymenoptera,,Formicidae,,,
7/3/2025,TG,5,1,pf,JSA,a,Hymenoptera,,Formicidae,,,
7/3/2025,TG,5,1,pf,JSA,a,Hymenoptera,,Formicidae,,,
7/3/2025,TG,5,1,pf,JSA,a,Hymenoptera,,Formicidae,,,
7/3/2025,TG,5,1,pf,JSA,a,Hymenoptera,,Formicidae,,,
7/3/2025,TG,5,1,pf,JSA,a,Hymenoptera,,Formicidae,,,
7/3/2025,TG,5,1,pf,JSA,a,Hymenoptera,,Formicidae,,,
7/3/2025,TG,5,1,pf,JSA,a,Hymenoptera,,Formicidae,,,
7/3/2025,TG,5,1,pf,JSA,a,Hymenoptera,,Formicidae,,,
7/3/2025,TG,5,1,pf,JSA,a,Hymenoptera,,Formicidae,,,
7/3/2025,TG,5,1,pf,JSA,a,Hymenoptera,,Formicidae,,,
7/3/2025,TG,5,1,pf,JSA,a,Hymenoptera,,Formicidae,,,
7/3/2025,TG,5,1,pf,JSA,a,Hymenoptera,,Formicidae,,,
7/3/2025,TG,5,1,pf,JSA,a,Hymenoptera,,Formicidae,,,
7/3/2025,TG,5,1,pf,JSA,a,Hymenoptera,,Formicidae,,,
7/3/2025,TG,5,1,pf,JSA,a,Hymenoptera,,Formicidae,,,
7/3/2025,TG,5,1,pf,JSA,a,Hymenoptera,,Formicidae,,,
7/3/2025,TG,5,1,pf,JSA,a,Hymenoptera,,Formicidae,,,
7/3/2025,TG,5,1,pf,JSA,a,Hymenoptera,,Formicidae,,,
7/3/2025,TG,5,1,pf,JSA,a,Hymenoptera,,Formicidae,,,
7/3/2025,TG,5,1,pf,JSA,a,Hymenoptera,,Formicidae,,,
7/3/2025,TG,5,1,pf,JSA,a,Hymenoptera,,Formicidae,,,
7/3/2025,TG,5,1,pf,JSA,a,Hymenoptera,,Formicidae,,,
7/3/2025,TG,5,1,pf,JSA,a,Hymenoptera,,Formicidae,,,
7/3/2025,TG,5,1,pf,JSA,a,Hymenoptera,,Formicidae,,,
7/3/2025,TG,5,1,pf,JSA,a,Hymenoptera,,Formicidae,,,
7/3/2025,TG,5,1,pf,JSA,a,Hymenoptera,,Formicidae,,,
7/3/2025,TG,5,1,pf,JSA,a,Hymenoptera,,Formicidae,,,
7/3/2025,TG,5,1,pf,JSA,a,Hymenoptera,,Formicidae,,,
7/3/2025,TG,5,1,pf,JSA,a,Hymenoptera,,Formicidae,,,
7/3/2025,TG,5,1,pf,JSA,a,Hymenoptera,,Formicidae,,,
7/3/2025,TG,5,1,pf,JSA,a,Hymenoptera,,Formicidae,,,
7/3/2025,TG,5,1,pf,JSA,a,Hymenoptera,,Formicidae,,,
7/3/2025,TG,5,1,pf,JSA,a,Hymenoptera,,Formicidae,,,
7/3/2025,TG,5,1,pf,JSA,a,Hymenoptera,,Formicidae,,,
7/3/2025,TG,5,1,pf,JSA,a,Hymenoptera,,Formicidae,,,
7/3/2025,TG,5,1,pf,JSA,a,Hymenoptera,,Formicidae,,,
7/3/2025,TG,5,1,pf,JSA,a,Hymenoptera,,Formicidae,,,
7/3/2025,TG,5,1,pf,JSA,a,Hymenoptera,,Formicidae,,,
7/3/2025,TG,5,1,pf,JSA,a,Hymenoptera,,Formicidae,,,
7/3/2025,TG,5,1,pf,JSA,a,Hymenoptera,,Formicidae,,,
7/3/2025,TG,5,1,pf,JSA,a,Hymenoptera,,Formicidae,,,
7/3/2025,TG,5,1,pf,JSA,a,Hymenoptera,,Formicidae,,,
7/3/2025,TG,5,1,pf,JSA,a,Hymenoptera,,Formicidae,,,
7/3/2025,TG,5,1,pf,JSA,a,Hymenoptera,,Formicidae,,,
7/3/2025,TG,5,1,pf,JSA,a,Hymenoptera,,Formicidae,,,
7/3/2025,TG,5,1,pf,JSA,a,Hymenoptera,,Formicidae,,,
7/3/2025,TG,5,1,pf,JSA,a,Hymenoptera,,Formicidae,,,
7/3/2025,TG,5,1,pf,JSA,a,Hymenoptera,,Formicidae,,,
7/3/2025,TG,5,1,pf,JSA,a,Hymenoptera,,Formicidae,,,
7/3/2025,TG,5,1,pf,JSA,a,Hymenoptera,,Formicidae,,,
7/3/2025,TG,5,1,pf,JSA,a,Hymenoptera,,Formicidae,,,
7/3/2025,TG,5,1,pf,JSA,a,Hymenoptera,,Formicidae,,,
7/3/2025,TG,5,1,pf,JSA,a,Hymenoptera,,Formicidae,,,
7/3/2025,TG,5,1,pf,JSA,a,Hymenoptera,,Formicidae,,,
7/3/2025,TG,5,1,pf,JSA,a,Hymenoptera,,Formicidae,,,
7/3/2025,TG,5,1,pf,JSA,a,Hymenoptera,,Formicidae,,,
7/3/2025,TG,5,1,pf,JSA,a,Hymenoptera,,Formicidae,,,
7/3/2025,TG,5,1,pf,JSA,a,Hymenoptera,,Formicidae,,,
7/3/2025,TG,5,1,pf,JSA,a,Hymenoptera,,Formicidae,,,
7/3/2025,TG,5,1,pf,JSA,a,Hymenoptera,,Formicidae,,,
7/3/2025,TG,5,1,pf,JSA,a,Hymenoptera,,Formicidae,,,
7/3/2025,TG,5,1,pf,JSA,a,Hymenoptera,,Formicidae,,,
7/3/2025,TG,5,1,pf,JSA,a,Hymenoptera,,Formicidae,,,
7/3/2025,TG,5,1,pf,JSA,a,Hymenoptera,,Formicidae,,,
7/3/2025,TG,5,1,pf,JSA,a,Hymenoptera,,Formicidae,,,
7/3/2025,TG,5,1,pf,JSA,a,Hymenoptera,,Formicidae,,,
7/3/2025,TG,5,1,pf,JSA,a,Hymenoptera,,Formicidae,,,
7/3/2025,TG,5,1,pf,JSA,a,Hymenoptera,,Formicidae,,,
7/3/2025,TG,5,1,pf,JSA,a,Hymenoptera,,Formicidae,,,
7/3/2025,TG,5,1,pf,JSA,a,Hymenoptera,,Formicidae,,,
7/3/2025,TG,5,1,pf,JSA,a,Hymenoptera,,Formicidae,,,
7/3/2025,TG,5,1,pf,JSA,a,Hymenoptera,,Formicidae,,,
7/3/2025,TG,5,1,pf,JSA,a,Hymenoptera,,Formicidae,,,
7/3/2025,TG,5,1,pf,JSA,a,Hymenoptera,,Formicidae,,,
7/3/2025,TG,5,1,pf,JSA,a,Hymenoptera,,Formicidae,,,
7/3/2025,TG,5,1,pf,JSA,a,Hymenoptera,,Formicidae,,,
7/3/2025,TG,5,1,pf,JSA,a,Hymenoptera,,Formicidae,,,
7/3/2025,TG,5,1,pf,JSA,a,Hymenoptera,,Formicidae,,,
7/3/2025,TG,5,1,pf,JSA,a,Hymenoptera,,Formicidae,,,
7/3/2025,TG,5,1,pf,JSA,a,Hymenoptera,,Formicidae,,,
7/3/2025,TG,5,1,pf,JSA,a,Hymenoptera,,Formicidae,,,
7/3/2025,TG,5,1,pf,JSA,a,Hymenoptera,,Formicidae,,,
7/3/2025,TG,5,1,pf,JSA,a,Hymenoptera,,Formicidae,,,
7/3/2025,TG,5,1,pf,JSA,a,Hymenoptera,,Formicidae,,,
7/3/2025,TG,5,1,pf,JSA,a,Hymenoptera,,Formicidae,,,
7/3/2025,TG,5,1,pf,JSA,a,Hymenoptera,,Formicidae,,,
7/3/2025,TG,5,1,pf,JSA,a,Hymenoptera,,Formicidae,,,
7/3/2025,TG,5,1,pf,JSA,a,Hymenoptera,,Formicidae,,,
7/3/2025,TG,5,1,pf,JSA,a,Hymenoptera,,Formicidae,,,
7/3/2025,TG,5,1,pf,JSA,a,Hymenoptera,,Formicidae,,,
7/3/2025,TG,5,1,pf,JSA,a,Hymenoptera,,Formicidae,,,
7/3/2025,TG,5,1,pf,JSA,a,Hymenoptera,,Formicidae,,,
7/3/2025,TG,5,1,pf,JSA,a,Hymenoptera,,Formicidae,,,
7/3/2025,TG,5,1,pf,JSA,a,Hymenoptera,,Formicidae,,,
7/3/2025,TG,5,1,pf,JSA,a,Hymenoptera,,Formicidae,,,
7/3/2025,TG,5,1,pf,JSA,a,Hymenoptera,,Formicidae,,,
7/3/2025,TG,5,1,pf,JSA,a,Hymenoptera,,Formicidae,,,
7/3/2025,TG,5,1,pf,JSA,a,Hymenoptera,,Formicidae,,,
7/3/2025,TG,5,1,pf,JSA,a,Hymenoptera,,Formicidae,,,
7/3/2025,TG,5,1,pf,JSA,a,Hymenoptera,,Formicidae,,,
7/3/2025,TG,5,1,pf,JSA,a,Hymenoptera,,Formicidae,,,
7/3/2025,TG,5,1,pf,JSA,a,Hymenoptera,,Formicidae,,,
7/3/2025,TG,5,1,pf,JSA,a,Hymenoptera,,Formicidae,,,
7/3/2025,TG,5,1,pf,JSA,a,Hymenoptera,,Formicidae,,,
7/3/2025,TG,5,1,pf,JSA,a,Hymenoptera,,Formicidae,,,
7/3/2025,TG,5,1,pf,JSA,a,Hymenoptera,,Formicidae,,,
7/3/2025,TG,5,1,pf,JSA,a,Hymenoptera,,Formicidae,,M1,
7/3/2025,TG,5,1,pf,JSA,a,Hymenoptera,,Formicidae,,M1,
7/3/2025,TG,5,1,pf,JSA,a,Hymenoptera,,Formicidae,,J1,
7/3/2025,TG,5,1,pf,JSA,a,Hymenoptera,,Formicidae,,,
7/3/2025,TG,5,1,pf,JSA,a,Hymenoptera,,Formicidae,,,
7/3/2025,TG,5,1,pf,JSA,a,Hymenoptera,,Formicidae,,,
7/3/2025,TG,5,1,pf,JSA,a,Hymenoptera,,Formicidae,,,
7/3/2025,TG,5,1,pf,JSA,a,Hymenoptera,,Formicidae,,,
7/3/2025,TG,5,1,pf,JSA,a,Hymenoptera,,Formicidae,,,
7/3/2025,TG,5,1,pf,JSA,a,Hymenoptera,,Formicidae,,,
7/3/2025,TG,5,1,pf,JSA,a,Hymenoptera,,Formicidae,,,
7/3/2025,TG,5,1,pf,JSA,a,Araneae,Araneomorphae ,Lycosidae,,,
7/3/2025,TG,5,1,pf,JSA,a,Araneae,Araneomorphae ,Lycosidae,,,
7/3/2025,TG,5,1,pf,JSA,a,Araneae,Araneomorphae ,Lycosidae,,,
7/3/2025,TG,5,1,pf,JSA,a,Araneae,Araneomorphae ,Ghaphosidae,,,
7/3/2025,TG,5,1,pf,JSA,a,Araneae,Araneomorphae ,Ghaphosidae,,,
7/3/2025,TG,5,1,pf,JSA,a,Araneae,Araneomorphae ,Ghaphosidae,,,
7/3/2025,TG,5,1,pf,JSA,a,Araneae,Araneomorphae ,Ghaphosidae,,,
7/3/2025,TG,5,1,pf,JSA,a,Araneae,Araneomorphae ,Ghaphosidae,,,
7/3/2025,TG,5,1,pf,JSA,a,Araneae,Araneomorphae ,Zoropsidae,,,
7/3/2025,TG,5,1,pf,JSA,a,Araneae,Araneomorphae ,Zoropsidae,,,
7/3/2025,TG,5,1,pf,JSA,a,Araneae,Araneomorphae ,Miturgidae,,,
7/3/2025,TG,5,1,pf,JSA,a,Coleoptera,,Tenebrionidae,,,
7/3/2025,TG,5,1,pf,JSA,a,Coleoptera,,Tenebrionidae,,,
7/3/2025,TG,5,1,pf,JSA,a,Coleoptera,,Tenebrionidae,,,
7/3/2025,TG,5,1,pf,JSA,a,Coleoptera,,Tenebrionidae,,,
7/3/2025,TG,5,1,pf,JSA,a,Coleoptera,,Elateridae,,,
7/3/2025,TG,5,1,pf,JSA,a,Coleoptera,,Staphylinidae,,,
7/3/2025,TG,5,1,pf,JSA,a,Coleoptera,,Curculionidae,,,
7/3/2025,TG,5,1,pf,JSA,j,Coleoptera,,,,,
7/3/2025,TG,5,1,pf,JSA,a,Hymenoptera,,Formicidae,,,
7/3/2025,TG,5,1,pf,JSA,a,Hymenoptera,,Formicidae,,,
7/3/2025,TG,5,1,pf,JSA,a,Coleoptera,,Histeridae,,,
7/3/2025,TG,5,1,pf,JSA,a,Coleoptera,,Scarabaeidae,,,
7/3/2025,TG,5,1,pf,JSA,a,Coleoptera,,Carabidae,,,
7/3/2025,TG,5,1,pf,JSA,a,Coleoptera,,Carabidae,,,
7/3/2025,TG,5,1,pf,JSA,a,Coleoptera,,Carabidae,,,
7/3/2025,TG,5,1,pf,JSA,a,Coleoptera,,Carabidae,,,
7/3/2025,TG,5,1,pf,JSA,a,Coleoptera,,Carabidae,,,
7/3/2025,TG,5,1,pf,JSA,a,Coleoptera,,Carabidae,,,
7/3/2025,TG,5,1,pf,JSA,a,Coleoptera,,Carabidae,,,
7/3/2025,TG,5,2,pf,JSA,a,Hymenoptera,,Formicidae,,,
7/3/2025,TG,5,2,pf,JSA,a,Acari,,,,,
7/3/2025,TG,5,2,pf,JSA,a,Acari,,,,,
7/3/2025,TG,5,2,pf,JSA,a,Acari,,,,,
7/3/2025,TG,5,2,pf,JSA,a,Acari,,,,,
7/3/2025,TG,5,2,pf,JSA,a,Acari,,,,,
7/3/2025,TG,5,2,pf,JSA,a,Acari,,,,,
7/3/2025,TG,5,2,pf,JSA,a,Acari,,,,,
7/3/2025,TG,5,2,pf,JSA,a,Hymenoptera,Aprocita,Dapriidae,,,
7/3/2025,TG,5,2,pf,JSA,a,Hemiptera,Sternorrhyncha,Aphidae,,,
7/3/2025,TG,5,2,pf,JSA,j,Hemiptera,Sternorrhyncha,Aphidae,,,
7/3/2025,TG,5,2,pf,JSA,j,Hemiptera,Sternorrhyncha,Aphidae,,,
7/3/2025,TG,5,2,pf,JSA,a,Hymenoptera,,Formicidae,,,
7/3/2025,TG,5,2,pf,JSA,a,Hymenoptera,,Formicidae,,,
7/3/2025,TG,5,2,pf,JSA,a,Hymenoptera,,Formicidae,,,
7/3/2025,TG,5,2,pf,JSA,a,Hymenoptera,,Formicidae,,,
7/3/2025,TG,5,2,pf,JSA,a,Hymenoptera,,Formicidae,,,
7/3/2025,TG,5,2,pf,JSA,a,Hymenoptera,,Formicidae,,,
7/3/2025,TG,5,2,pf,JSA,a,Hymenoptera,,Formicidae,,,
7/3/2025,TG,5,2,pf,JSA,a,Hymenoptera,,Formicidae,,,
7/3/2025,TG,5,2,pf,JSA,a,Hymenoptera,,Formicidae,,,
7/3/2025,TG,5,2,pf,JSA,a,Hymenoptera,,Formicidae,,,
7/3/2025,TG,5,2,pf,JSA,a,Hymenoptera,,Formicidae,,,
7/3/2025,TG,5,2,pf,JSA,a,Hymenoptera,,Formicidae,,,
7/3/2025,TG,5,2,pf,JSA,a,Hymenoptera,,Formicidae,,,
7/3/2025,TG,5,2,pf,JSA,a,Hymenoptera,,Formicidae,,,
7/3/2025,TG,5,2,pf,JSA,a,Hymenoptera,,Formicidae,,,
7/3/2025,TG,5,2,pf,JSA,a,Hymenoptera,,Formicidae,,,
7/3/2025,TG,5,2,pf,JSA,a,Hymenoptera,,Formicidae,,,
7/3/2025,TG,5,2,pf,JSA,a,Hymenoptera,,Formicidae,,,
7/3/2025,TG,5,2,pf,JSA,a,Hymenoptera,,Formicidae,,,
7/3/2025,TG,5,2,pf,JSA,a,Hymenoptera,,Formicidae,,,
7/3/2025,TG,5,2,pf,JSA,a,Hymenoptera,,Formicidae,,,
7/3/2025,TG,5,2,pf,JSA,a,Hymenoptera,,Formicidae,,,
7/3/2025,TG,5,2,pf,JSA,a,Hymenoptera,,Formicidae,,,
7/3/2025,TG,5,2,pf,JSA,a,Hymenoptera,,Formicidae,,,
7/3/2025,TG,5,2,pf,JSA,a,Hymenoptera,,Formicidae,,,
7/3/2025,TG,5,2,pf,JSA,a,Hymenoptera,,Formicidae,,,
7/3/2025,TG,5,2,pf,JSA,a,Hymenoptera,,Formicidae,,,
7/3/2025,TG,5,2,pf,JSA,a,Hymenoptera,,Formicidae,,,
7/3/2025,TG,5,2,pf,JSA,a,Hymenoptera,,Formicidae,,,
7/3/2025,TG,5,2,pf,JSA,a,Hymenoptera,,Formicidae,,,
7/3/2025,TG,5,2,pf,JSA,a,Hymenoptera,,Formicidae,,,
7/3/2025,TG,5,2,pf,JSA,a,Hymenoptera,,Formicidae,,,
7/3/2025,TG,5,2,pf,JSA,a,Hymenoptera,,Formicidae,,,
7/3/2025,TG,5,2,pf,JSA,a,Hymenoptera,,Formicidae,,,
7/3/2025,TG,5,2,pf,JSA,a,Hymenoptera,,Formicidae,,,
7/3/2025,TG,5,2,pf,JSA,a,Hymenoptera,,Formicidae,,,
7/3/2025,TG,5,2,pf,JSA,a,Hymenoptera,,Formicidae,,,
7/3/2025,TG,5,2,pf,JSA,a,Hymenoptera,,Formicidae,,,
7/3/2025,TG,5,2,pf,JSA,a,Hymenoptera,,Formicidae,,,
7/3/2025,TG,5,2,pf,JSA,a,Hymenoptera,,Formicidae,,,
7/3/2025,TG,5,2,pf,JSA,a,Hymenoptera,,Formicidae,,,
7/3/2025,TG,5,2,pf,JSA,a,Hymenoptera,,Formicidae,,,
7/3/2025,TG,5,2,pf,JSA,a,Hymenoptera,,Formicidae,,,
7/3/2025,TG,5,2,pf,JSA,a,Hymenoptera,,Formicidae,,,
7/3/2025,TG,5,2,pf,JSA,a,Hymenoptera,,Formicidae,,,
7/3/2025,TG,5,2,pf,JSA,a,Hymenoptera,,Formicidae,,,
7/3/2025,TG,5,2,pf,JSA,a,Hymenoptera,,Formicidae,,,
7/3/2025,TG,5,2,pf,JSA,a,Hymenoptera,,Formicidae,,,
7/3/2025,TG,5,2,pf,JSA,a,Hymenoptera,,Formicidae,,,
7/3/2025,TG,5,2,pf,JSA,a,Hymenoptera,,Formicidae,,,
7/3/2025,TG,5,2,pf,JSA,a,Hymenoptera,,Formicidae,,,
7/3/2025,TG,5,2,pf,JSA,a,Hymenoptera,,Formicidae,,,
7/3/2025,TG,5,2,pf,JSA,a,Hymenoptera,,Formicidae,,,
7/3/2025,TG,5,2,pf,JSA,a,Hymenoptera,,Formicidae,,,
7/3/2025,TG,5,2,pf,JSA,a,Hymenoptera,,Formicidae,,,
7/3/2025,TG,5,2,pf,JSA,a,Hymenoptera,,Formicidae,,,
7/3/2025,TG,5,2,pf,JSA,a,Hymenoptera,,Formicidae,,,
7/3/2025,TG,5,2,pf,JSA,a,Hymenoptera,,Formicidae,,,
7/3/2025,TG,5,2,pf,JSA,a,Hymenoptera,,Formicidae,,,
7/3/2025,TG,5,2,pf,JSA,a,Hymenoptera,,Formicidae,,,
7/3/2025,TG,5,2,pf,JSA,a,Hymenoptera,,Formicidae,,,
7/3/2025,TG,5,2,pf,JSA,a,Hymenoptera,,Formicidae,,,
7/3/2025,TG,5,2,pf,JSA,a,Hymenoptera,,Formicidae,,,
7/3/2025,TG,5,2,pf,JSA,a,Hymenoptera,,Formicidae,,,
7/3/2025,TG,5,2,pf,JSA,a,Hymenoptera,,Formicidae,,,
7/3/2025,TG,5,2,pf,JSA,a,Hymenoptera,,Formicidae,,,
7/3/2025,TG,5,2,pf,JSA,a,Hymenoptera,,Formicidae,,,
7/3/2025,TG,5,2,pf,JSA,a,Hymenoptera,,Formicidae,,,
7/3/2025,TG,5,2,pf,JSA,a,Hymenoptera,,Formicidae,,,
7/3/2025,TG,5,2,pf,JSA,a,Hymenoptera,,Formicidae,,,
7/3/2025,TG,5,2,pf,JSA,a,Hymenoptera,,Formicidae,,,
7/3/2025,TG,5,2,pf,JSA,a,Hymenoptera,,Formicidae,,,
7/3/2025,TG,5,2,pf,JSA,a,Hymenoptera,,Formicidae,,,
7/3/2025,TG,5,2,pf,JSA,a,Hymenoptera,,Formicidae,,,
7/3/2025,TG,5,2,pf,JSA,a,Hymenoptera,,Formicidae,,,
7/3/2025,TG,5,2,pf,JSA,a,Hymenoptera,,Formicidae,,,
7/3/2025,TG,5,2,pf,JSA,a,Hymenoptera,,Formicidae,,,
7/3/2025,TG,5,2,pf,JSA,a,Hymenoptera,,Formicidae,,,
7/3/2025,TG,5,2,pf,JSA,a,Hymenoptera,,Formicidae,,,
7/3/2025,TG,5,2,pf,JSA,a,Hymenoptera,,Formicidae,,,
7/3/2025,TG,5,2,pf,JSA,a,Hymenoptera,,Formicidae,,,
7/3/2025,TG,5,2,pf,JSA,a,Hymenoptera,,Formicidae,,,
7/3/2025,TG,5,2,pf,JSA,a,Hymenoptera,,Formicidae,,,
7/3/2025,TG,5,2,pf,JSA,a,Hymenoptera,,Formicidae,,,
7/3/2025,TG,5,2,pf,JSA,a,Hymenoptera,,Formicidae,,,
7/3/2025,TG,5,2,pf,JSA,a,Hymenoptera,,Formicidae,,,
7/3/2025,TG,5,2,pf,JSA,a,Hymenoptera,,Formicidae,,,
7/3/2025,TG,5,2,pf,JSA,a,Hymenoptera,,Formicidae,,,
7/3/2025,TG,5,2,pf,JSA,a,Hymenoptera,,Formicidae,,,
7/3/2025,TG,5,2,pf,JSA,a,Hymenoptera,,Formicidae,,,
7/3/2025,TG,5,2,pf,JSA,a,Hymenoptera,,Formicidae,,,
7/3/2025,TG,5,2,pf,JSA,a,Hymenoptera,,Formicidae,,,
7/3/2025,TG,5,2,pf,JSA,a,Hymenoptera,,Formicidae,,,
7/3/2025,TG,5,2,pf,JSA,a,Hymenoptera,,Formicidae,,,
7/3/2025,TG,5,2,pf,JSA,a,Hymenoptera,,Formicidae,,,
7/3/2025,TG,5,2,pf,JSA,a,Hymenoptera,,Formicidae,,,
7/3/2025,TG,5,2,pf,JSA,a,Hymenoptera,,Formicidae,,,
7/3/2025,TG,5,2,pf,JSA,a,Hymenoptera,,Formicidae,,,
7/3/2025,TG,5,2,pf,JSA,a,Hymenoptera,,Formicidae,,,
7/3/2025,TG,5,2,pf,JSA,a,Hymenoptera,,Formicidae,,,
7/3/2025,TG,5,2,pf,JSA,a,Hymenoptera,,Formicidae,,,
7/3/2025,TG,5,2,pf,JSA,a,Hymenoptera,,Formicidae,,,
7/3/2025,TG,5,2,pf,JSA,a,Hymenoptera,,Formicidae,,,
7/3/2025,TG,5,2,pf,JSA,a,Hymenoptera,,Formicidae,,,
7/3/2025,TG,5,2,pf,JSA,a,Hymenoptera,,Formicidae,,,
7/3/2025,TG,5,2,pf,JSA,a,Hymenoptera,,Formicidae,,,
7/3/2025,TG,5,2,pf,JSA,a,Hymenoptera,,Formicidae,,,
7/3/2025,TG,5,2,pf,JSA,a,Hymenoptera,,Formicidae,,,
7/3/2025,TG,5,2,pf,JSA,a,Hymenoptera,,Formicidae,,,
7/3/2025,TG,5,2,pf,JSA,a,Hymenoptera,,Formicidae,,,
7/3/2025,TG,5,2,pf,JSA,a,Hymenoptera,,Formicidae,,,
7/3/2025,TG,5,2,pf,JSA,a,Hymenoptera,,Formicidae,,,
7/3/2025,TG,5,2,pf,JSA,a,Hymenoptera,,Formicidae,,,
7/3/2025,TG,5,2,pf,JSA,a,Hymenoptera,,Formicidae,,,
7/3/2025,TG,5,2,pf,JSA,a,Hymenoptera,,Formicidae,,,
7/3/2025,TG,5,2,pf,JSA,a,Hymenoptera,,Formicidae,,,
7/3/2025,TG,5,2,pf,JSA,a,Hymenoptera,,Formicidae,,,
7/3/2025,TG,5,2,pf,JSA,a,Hymenoptera,,Formicidae,,,
7/3/2025,TG,5,2,pf,JSA,a,Hymenoptera,,Formicidae,,,
7/3/2025,TG,5,2,pf,JSA,a,Hymenoptera,,Formicidae,,,
7/3/2025,TG,5,2,pf,JSA,a,Hymenoptera,,Formicidae,,,
7/3/2025,TG,5,2,pf,JSA,a,Hymenoptera,,Formicidae,,,
7/3/2025,TG,5,2,pf,JSA,a,Hymenoptera,,Formicidae,,,
7/3/2025,TG,5,2,pf,JSA,a,Hymenoptera,,Formicidae,,,
7/3/2025,TG,5,2,pf,JSA,a,Hymenoptera,,Formicidae,,,
7/3/2025,TG,5,2,pf,JSA,a,Hymenoptera,,Formicidae,,,
7/3/2025,TG,5,2,pf,JSA,a,Hymenoptera,,Formicidae,,,
7/3/2025,TG,5,2,pf,JSA,a,Hymenoptera,,Formicidae,,,
7/3/2025,TG,5,2,pf,JSA,a,Hymenoptera,,Formicidae,,,
7/3/2025,TG,5,2,pf,JSA,a,Hymenoptera,,Formicidae,,,
7/3/2025,TG,5,2,pf,JSA,a,Hymenoptera,,Formicidae,,,
7/3/2025,TG,5,2,pf,JSA,a,Hymenoptera,,Formicidae,,,
7/3/2025,TG,5,2,pf,JSA,a,Hymenoptera,,Formicidae,,,
7/3/2025,TG,5,2,pf,JSA,a,Hymenoptera,,Formicidae,,,
7/3/2025,TG,5,2,pf,JSA,a,Hymenoptera,,Formicidae,,,
7/3/2025,TG,5,2,pf,JSA,a,Hymenoptera,,Formicidae,,,
7/3/2025,TG,5,2,pf,JSA,a,Hymenoptera,,Formicidae,,m1,
7/3/2025,TG,5,2,pf,JSA,a,Hymenoptera,,Formicidae,,,
7/3/2025,TG,5,2,pf,JSA,a,Hymenoptera,,Formicidae,,,
7/3/2025,TG,5,2,pf,JSA,a,Hymenoptera,,Formicidae,,,
7/3/2025,TG,5,2,pf,JSA,a,Hymenoptera,,Formicidae,,,
7/3/2025,TG,5,2,pf,JSA,a,Hymenoptera,,Formicidae,,,
7/3/2025,TG,5,2,pf,JSA,a,Hymenoptera,,Formicidae,,,
7/3/2025,TG,5,2,pf,JSA,a,Hymenoptera,,Formicidae,,,
7/3/2025,TG,5,2,pf,JSA,a,Hymenoptera,,Formicidae,,,
7/3/2025,TG,5,2,pf,JSA,a,Hymenoptera,,Formicidae,,,
7/3/2025,TG,5,2,pf,JSA,a,Hymenoptera,,Formicidae,,,
7/3/2025,TG,5,2,pf,JSA,a,Hymenoptera,,Formicidae,,,
7/3/2025,TG,5,2,pf,JSA,a,Hymenoptera,,Formicidae,,,
7/3/2025,TG,5,2,pf,JSA,a,Hymenoptera,,Formicidae,,,
7/3/2025,TG,5,2,pf,JSA,a,Hymenoptera,,Formicidae,,,
7/3/2025,TG,5,2,pf,JSA,a,Hymenoptera,,Formicidae,,,
7/3/2025,TG,5,2,pf,JSA,a,Hymenoptera,,Formicidae,,,
7/3/2025,TG,5,2,pf,JSA,a,Hymenoptera,,Formicidae,,,
7/3/2025,TG,5,2,pf,JSA,a,Hymenoptera,,Formicidae,,,
7/3/2025,TG,5,2,pf,JSA,a,Hymenoptera,,Formicidae,,,
7/3/2025,TG,5,2,pf,JSA,a,Hymenoptera,,Formicidae,,,
7/3/2025,TG,5,2,pf,JSA,a,Hymenoptera,,Formicidae,,,
7/3/2025,TG,5,2,pf,JSA,a,Hymenoptera,,Formicidae,,,
7/3/2025,TG,5,2,pf,JSA,a,Hymenoptera,,Formicidae,,,
7/3/2025,TG,5,2,pf,JSA,a,Hymenoptera,,Formicidae,,,
7/3/2025,TG,5,2,pf,JSA,a,Hymenoptera,,Formicidae,,,
7/3/2025,TG,5,2,pf,JSA,a,Hymenoptera,,Formicidae,,,
7/3/2025,TG,5,2,pf,JSA,a,Hymenoptera,,Formicidae,,,
7/3/2025,TG,5,2,pf,JSA,a,Hymenoptera,,Formicidae,,,
7/3/2025,TG,5,2,pf,JSA,a,Hymenoptera,,Formicidae,,,
7/3/2025,TG,5,2,pf,JSA,a,Hymenoptera,,Formicidae,,,
7/3/2025,TG,5,2,pf,JSA,a,Hymenoptera,,Formicidae,,,
7/3/2025,TG,5,2,pf,JSA,a,Hymenoptera,,Formicidae,,,
7/3/2025,TG,5,2,pf,JSA,a,Hymenoptera,,Formicidae,,,
7/3/2025,TG,5,2,pf,JSA,a,Hymenoptera,,Formicidae,,,
7/3/2025,TG,5,2,pf,JSA,a,Hymenoptera,,Formicidae,,,
7/3/2025,TG,5,2,pf,JSA,a,Hymenoptera,,Formicidae,,,
7/3/2025,TG,5,2,pf,JSA,a,Hymenoptera,,Formicidae,,,
7/3/2025,TG,5,2,pf,JSA,a,Hymenoptera,,Formicidae,,,
7/3/2025,TG,5,2,pf,JSA,a,Hymenoptera,,Formicidae,,,
7/3/2025,TG,5,2,pf,JSA,a,Hymenoptera,,Formicidae,,,
7/3/2025,TG,5,2,pf,JSA,a,Hymenoptera,,Formicidae,,,
7/3/2025,TG,5,2,pf,JSA,a,Hymenoptera,,Formicidae,,,
7/3/2025,TG,5,2,pf,JSA,a,Hymenoptera,,Formicidae,,,
7/3/2025,TG,5,2,pf,JSA,a,Hymenoptera,,Formicidae,,,
7/3/2025,TG,5,2,pf,JSA,a,Hymenoptera,,Formicidae,,,
7/3/2025,TG,5,2,pf,JSA,a,Diptera,Brachycera ,,,,
7/3/2025,TG,5,2,pf,JSA,a,Diptera,Brachycera ,,,,
7/3/2025,TG,5,2,pf,JSA,a,Diptera,Brachycera ,,,,
7/3/2025,TG,5,2,pf,JSA,a,Diptera,Brachycera ,,,,
7/3/2025,TG,5,2,pf,JSA,a,Diptera,Brachycera ,,,,
7/3/2025,TG,5,2,pf,JSA,a,Diptera,Brachycera ,,,,
7/3/2025,TG,5,2,pf,JSA,a,Diptera,Brachycera ,,,,
7/3/2025,TG,5,2,pf,JSA,a,Diptera,Brachycera ,,,,
7/3/2025,TG,5,2,pf,JSA,a,Diptera,Brachycera ,,,,
7/3/2025,TG,5,2,pf,JSA,a,Diptera,Brachycera ,,,,
7/3/2025,TG,5,2,pf,JSA,a,Diptera,Brachycera ,,,,
7/3/2025,TG,5,2,pf,JSA,a,Diptera,Non-Brachycera,,,,
7/3/2025,TG,5,2,pf,JSA,a,Diptera,Non-Brachycera,,,,
7/3/2025,TG,5,2,pf,JSA,a,Diptera,Non-Brachycera,,,,
7/3/2025,TG,5,2,pf,JSA,a,Diptera,Brachycera ,,,,
7/3/2025,TG,5,2,pf,JSA,a,Diptera,Brachycera ,,,,
7/3/2025,TG,5,2,pf,JSA,a,Diptera,Brachycera ,,,,
7/3/2025,TG,5,2,pf,JSA,a,Diptera,Brachycera ,,,,
7/3/2025,TG,5,2,pf,JSA,a,Diptera,Brachycera ,,,,
7/3/2025,TG,5,2,pf,JSA,a,Diptera,Brachycera ,,,,
7/3/2025,TG,5,2,pf,JSA,a,Diptera,Brachycera ,,,,
7/3/2025,TG,5,2,pf,JSA,a,Chilopoda,,,,,
7/3/2025,TG,5,2,pf,JSA,a,Chilopoda,,,,,
7/3/2025,TG,5,2,pf,JSA,j,Diptera,,,,,
7/3/2025,TG,5,2,pf,JSA,a,Lepidoptera,,,,,
7/3/2025,TG,5,2,pf,JSA,a,Araneae,Araneomorphae ,Lycosidae,,,
7/3/2025,TG,5,2,pf,JSA,a,Araneae,Araneomorphae ,Lycosidae,,,
7/3/2025,TG,5,2,pf,JSA,a,Araneae,Araneomorphae ,Lycosidae,,,
7/3/2025,TG,5,2,pf,JSA,a,Araneae,Araneomorphae ,Lycosidae,,,
7/3/2025,TG,5,2,pf,JSA,a,Araneae,Araneomorphae ,Lycosidae,,,
7/3/2025,TG,5,2,pf,JSA,a,Araneae,Araneomorphae ,Lycosidae,,,
7/3/2025,TG,5,2,pf,JSA,a,Araneae,Araneomorphae ,Lycosidae,,,
7/3/2025,TG,5,2,pf,JSA,a,Araneae,Araneomorphae ,Lycosidae,,,
7/3/2025,TG,5,2,pf,JSA,a,Araneae,Araneomorphae ,Lycosidae,,,
7/3/2025,TG,5,2,pf,JSA,a,Araneae,Araneomorphae ,Lycosidae,,,
7/3/2025,TG,5,2,pf,JSA,a,Araneae,Araneomorphae ,Lycosidae,,,
7/3/2025,TG,5,2,pf,JSA,a,Araneae,Araneomorphae ,Lycosidae,,,
7/3/2025,TG,5,2,pf,JSA,a,Araneae,Araneomorphae ,Lycosidae,,,
7/3/2025,TG,5,2,pf,JSA,a,Araneae,Araneomorphae ,Lycosidae,,,
7/3/2025,TG,5,2,pf,JSA,a,Araneae,Araneomorphae ,Lycosidae,,,
7/3/2025,TG,5,2,pf,JSA,a,Araneae,Araneomorphae ,Lycosidae,,,
7/3/2025,TG,5,2,pf,JSA,a,Araneae,Araneomorphae ,Ghaphosidae,,,
7/3/2025,TG,5,2,pf,JSA,a,Araneae,Araneomorphae ,Ghaphosidae,,,
7/3/2025,TG,5,2,pf,JSA,a,Araneae,Araneomorphae ,Cybaeidae,,,
7/3/2025,TG,5,2,pf,JSA,a,Coleoptera,,Elateridae,,,
7/3/2025,TG,5,2,pf,JSA,a,Coleoptera,,Elateridae,,,
7/3/2025,TG,5,2,pf,JSA,a,Coleoptera,,Elateridae,,,
7/3/2025,TG,5,2,pf,JSA,a,Coleoptera,,Elateridae,,,
7/3/2025,TG,5,2,pf,JSA,a,Coleoptera,,Staphylinidae,,,
7/3/2025,TG,5,2,pf,JSA,a,Coleoptera,,Staphylinidae,,,
7/3/2025,TG,5,2,pf,JSA,a,Coleoptera,,Staphylinidae,,,
7/3/2025,TG,5,2,pf,JSA,a,Coleoptera,,Staphylinidae,,,
7/3/2025,TG,5,2,pf,JSA,a,Coleoptera,,Staphylinidae,,,
7/3/2025,TG,5,2,pf,JSA,a,Coleoptera,,Staphylinidae,,,
7/3/2025,TG,5,2,pf,JSA,a,Coleoptera,,Staphylinidae,,,
7/3/2025,TG,5,2,pf,JSA,a,Coleoptera,,Staphylinidae,,,
7/3/2025,TG,5,2,pf,JSA,a,Coleoptera,,Elateridae,,,
7/3/2025,TG,5,2,pf,JSA,a,Coleoptera,,Elateridae,,,
7/3/2025,TG,5,2,pf,JSA,a,Coleoptera,,Curculionidae,,,
7/3/2025,TG,5,2,pf,JSA,a,Coleoptera,,Curculionidae,,,
7/3/2025,TG,5,2,pf,JSA,j,Coleoptera,,,,,
7/3/2025,TG,5,2,pf,JSA,a,Hymenoptera,,Formicidae,,,
7/3/2025,TG,5,2,pf,JSA,a,Coleoptera,,Tenebrionidae,,,
7/3/2025,TG,5,2,pf,JSA,a,Coleoptera,,Tenebrionidae,,,
7/3/2025,TG,5,2,pf,JSA,a,Coleoptera,,Tenebrionidae,,,
7/3/2025,TG,5,2,pf,JSA,a,Coleoptera,,Tenebrionidae,,,
7/3/2025,TG,5,2,pf,JSA,a,Coleoptera,,Staphylinidae,,,
7/3/2025,TG,5,2,pf,JSA,a,Coleoptera,,Elateridae,,,
7/3/2025,TG,5,2,pf,JSA,a,Coleoptera,,Coccinellidae,,,
7/3/2025,TG,5,2,pf,JSA,a,Diptera,Non-Brachycera,,,,
7/3/2025,TG,5,2,pf,JSA,a ,Coleoptera,,Carabidae,,,
7/3/2025,TG,5,2,pf,JSA,a,Coleoptera,,Carabidae,,,
7/3/2025,TG,5,2,pf,JSA,a,Coleoptera,,Carabidae,,,
7/3/2025,TG,5,2,pf,JSA,a,Coleoptera,,Carabidae,,,
7/3/2025,TG,5,2,pf,JSA,a,Coleoptera,,Carabidae,,,
7/3/2025,TG,5,2,pf,JSA,a,Coleoptera,,Carabidae,,,
7/3/2025,TG,5,2,pf,JSA,a,Coleoptera,,Carabidae,,,
7/3/2025,TG,5,2,pf,JSA,a,Coleoptera,,Carabidae,,,
7/3/2025,TG,5,2,pf,JSA,a,Coleoptera,,Carabidae,,,
7/3/2025,TG,5,2,pf,JSA,a,Coleoptera,,Carabidae,,,
7/3/2025,TG,5,2,pf,JSA,a,Coleoptera,,Carabidae,,,
7/3/2025,TG,5,2,pf,JSA,a,Coleoptera,,Carabidae,,,in half
7/3/2025,TG,5,2,pf,JSA,a,Coleoptera,,Carabidae,,,
7/3/2025,TG,5,2,pf,JSA,a,Coleoptera,,Carabidae,,,
7/3/2025,TG,5,2,pf,JSA,a,Coleoptera,,Staphylinidae,,,
7/3/2025,TG,5,2,pf,JSA,a,Coleoptera,,,,,
